/*
 Navicat Premium Data Transfer

 Source Server         : 10.211.55.5
 Source Server Type    : MySQL
 Source Server Version : 50718
 Source Host           : 10.211.55.5
 Source Database       : warrior

 Target Server Type    : MySQL
 Target Server Version : 50718
 File Encoding         : utf-8

 Date: 11/28/2017 17:53:05 PM
*/

SET NAMES utf8;
SET FOREIGN_KEY_CHECKS = 0;

-- ----------------------------
--  Table structure for `sys_attachment`
-- ----------------------------
DROP TABLE IF EXISTS `sys_attachment`;
CREATE TABLE `sys_attachment` (
  `aid` varchar(100) NOT NULL COMMENT '编号',
  `file_name` varchar(100) DEFAULT NULL COMMENT '文件名',
  `size` bigint(20) DEFAULT NULL COMMENT '文件大小',
  `file_type` int(11) DEFAULT NULL COMMENT '文件类型',
  `file_path` varchar(200) DEFAULT NULL COMMENT '文件路径',
  `create_time` datetime DEFAULT NULL COMMENT '上传时间',
  PRIMARY KEY (`aid`),
  UNIQUE KEY `warrior_attachment_aid_uindex` (`aid`)
) ENGINE=InnoDB DEFAULT CHARSET=utf8 COMMENT='附件信息';

-- ----------------------------
--  Records of `sys_attachment`
-- ----------------------------
BEGIN;
INSERT INTO `sys_attachment` VALUES ('d3bfd3a261bc45cfb6b5dea3f02b1a98', 'file_20171123_0549029.jpeg', '14820', '1', '/Users/rookie/Workspace/CodeRepository/ManageSystem/upload', '2017-11-23 17:49:30');
COMMIT;

-- ----------------------------
--  Table structure for `sys_dictionary`
-- ----------------------------
DROP TABLE IF EXISTS `sys_dictionary`;
CREATE TABLE `sys_dictionary` (
  `id` int(11) NOT NULL AUTO_INCREMENT,
  `dic_key` varchar(45) DEFAULT NULL COMMENT '字典key',
  `dic_value` varchar(45) DEFAULT NULL COMMENT '字典值',
  `sort` int(11) DEFAULT NULL COMMENT '排序',
  `is_show` int(11) DEFAULT NULL COMMENT '是否显示\n0、显示\n1、不显示',
  `dic_type` int(11) DEFAULT NULL COMMENT '字典类型',
  `create_time` timestamp NULL DEFAULT NULL COMMENT '创建时间',
  `type_value` varchar(50) DEFAULT NULL,
  PRIMARY KEY (`id`),
  UNIQUE KEY `id_UNIQUE` (`id`)
) ENGINE=InnoDB AUTO_INCREMENT=11 DEFAULT CHARSET=utf8;

-- ----------------------------
--  Records of `sys_dictionary`
-- ----------------------------
BEGIN;
INSERT INTO `sys_dictionary` VALUES ('1', '0', '启用', '2', '0', '1', '2017-07-28 18:14:14', '状态'), ('2', '1', '禁用', '3', '0', '1', '2017-07-28 18:14:14', '状态'), ('3', '2', '删除', '4', '0', '1', '2017-07-28 18:16:36', '状态'), ('4', '0', '显示', '2', '0', '2', '2017-07-28 18:16:36', '是否显示'), ('5', '1', '不显示', '3', '0', '2', '2017-07-28 18:16:36', '是否显示'), ('6', '0', '菜单', '2', '0', '3', '2017-07-28 18:16:36', '资源类型'), ('7', '1', '按钮', '3', '0', '3', '2017-07-28 18:16:36', '资源类型'), ('9', '1', '管理员', '1', '0', '4', '2017-09-20 10:36:20', '用户类型'), ('10', '2', '普通用户', '2', '0', '4', '2017-09-20 10:36:53', '用户类型');
COMMIT;

-- ----------------------------
--  Table structure for `sys_log`
-- ----------------------------
DROP TABLE IF EXISTS `sys_log`;
CREATE TABLE `sys_log` (
  `id` int(11) NOT NULL AUTO_INCREMENT,
  `user_id` int(11) DEFAULT NULL COMMENT '用户ID',
  `user_name` varchar(45) DEFAULT NULL COMMENT '用户名',
  `operation` varchar(45) DEFAULT NULL COMMENT '操作',
  `method` varchar(500) DEFAULT NULL COMMENT '访问函数',
  `params` varchar(500) DEFAULT NULL COMMENT '参数',
  `time` bigint(20) DEFAULT NULL COMMENT '耗时',
  `ip` varchar(45) DEFAULT NULL COMMENT '操作ip地址',
  `create_time` varchar(45) DEFAULT NULL COMMENT '创建时间',
  PRIMARY KEY (`id`)
) ENGINE=InnoDB AUTO_INCREMENT=682 DEFAULT CHARSET=utf8;

-- ----------------------------
--  Records of `sys_log`
-- ----------------------------
BEGIN;
INSERT INTO `sys_log` VALUES ('139', '1', null, '删除系统日志', 'com.warrior.common.controller.SysLogContrller.delAll()', null, '21', '127.0.0.1', '2017-11-06 14:56:18.005'), ('140', '1', null, '系统日志查询', 'com.warrior.common.controller.SysLogContrller.getListByPage()', '\"\"', '9', '127.0.0.1', '2017-11-06 14:56:18.05'), ('141', '-1', '', '用户登录', 'com.warrior.base.controller.LoginController.doLogin()', '\"admin\"', '14', '127.0.0.1', '2017-11-06 15:03:21.953'), ('142', '1', null, '系统日志查询', 'com.warrior.common.controller.SysLogContrller.getListByPage()', '\"\"', '14', '127.0.0.1', '2017-11-06 15:03:25.389'), ('143', '-1', null, '用户登录', 'com.warrior.base.controller.LoginController.doLogin()', '\"admin\"', '255', '127.0.0.1', '2017-11-06 15:07:01.669'), ('144', '1', null, '系统日志查询', 'com.warrior.common.controller.SysLogContrller.getListByPage()', '\"\"', '116', '127.0.0.1', '2017-11-06 15:07:37.796'), ('145', '-1', null, '用户登录', 'com.warrior.base.controller.LoginController.doLogin()', '\"admin\"', '290', '127.0.0.1', '2017-11-06 15:12:43.39'), ('146', '-1', null, '用户登录', 'com.warrior.base.controller.LoginController.doLogin()', '\"admin\"', '290', '127.0.0.1', '2017-11-06 15:14:49.025'), ('147', '-1', null, '用户登录', 'com.warrior.base.controller.LoginController.doLogin()', '\"admin\"', '315', '127.0.0.1', '2017-11-06 15:18:05.008'), ('148', '1', null, '用户登录', 'com.warrior.base.controller.LoginController.doLogin()', '\"admin\"', '293', '127.0.0.1', '2017-11-06 15:20:57.107'), ('149', '1', null, '系统日志查询', 'com.warrior.common.controller.SysLogContrller.getListByPage()', '\"\"', '130', '127.0.0.1', '2017-11-06 15:21:00.945'), ('150', '1', null, '用户登录', 'com.warrior.base.controller.LoginController.doLogin()', '\"admin\"', '294', '127.0.0.1', '2017-11-06 15:23:52.033'), ('151', '1', null, '系统日志查询', 'com.warrior.common.controller.SysLogContrller.getListByPage()', '\"\"', '134', '127.0.0.1', '2017-11-06 15:23:55.149'), ('152', '1', null, '用户登录', 'com.warrior.base.controller.LoginController.doLogin()', '\"admin\"', '277', '127.0.0.1', '2017-11-06 15:33:57.898'), ('153', '1', null, '用户登录', 'com.warrior.base.controller.LoginController.doLogin()', '\"admin\"', '34', '127.0.0.1', '2017-11-06 15:40:09.91'), ('154', '1', null, '用户登录', 'com.warrior.base.controller.LoginController.doLogin()', '\"admin\"', '824', '127.0.0.1', '2017-11-07 11:41:02.58'), ('155', '1', null, '用户登录', 'com.warrior.base.controller.LoginController.doLogin()', '\"admin\"', '358', '127.0.0.1', '2017-11-07 11:45:22.03'), ('156', '1', null, '用户登录', 'com.warrior.base.controller.LoginController.doLogin()', '\"admin\"', '26', '127.0.0.1', '2017-11-07 11:45:46.078'), ('157', '1', null, '用户登录', 'com.warrior.base.controller.LoginController.doLogin()', '\"admin\"', '303', '127.0.0.1', '2017-11-07 11:47:42.587'), ('158', '1', null, '用户登录', 'com.warrior.base.controller.LoginController.doLogin()', '\"admin\"', '298', '127.0.0.1', '2017-11-07 11:48:49.577'), ('159', '1', null, '用户登录', 'com.warrior.base.controller.LoginController.doLogin()', '\"admin\"', '506', '127.0.0.1', '2017-11-07 11:53:10.094'), ('160', '1', null, '用户登录', 'com.warrior.base.controller.LoginController.doLogin()', '\"admin\"', '272', '127.0.0.1', '2017-11-07 11:53:43.219'), ('161', '1', null, '用户登录', 'com.warrior.base.controller.LoginController.doLogin()', '\"admin\"', '16', '127.0.0.1', '2017-11-07 11:53:55.151'), ('162', '1', null, '用户登录', 'com.warrior.base.controller.LoginController.doLogin()', '\"admin\"', '396', '127.0.0.1', '2017-11-07 14:55:28.757'), ('163', '1', null, '新增用户', 'com.warrior.base.controller.UserController.addUser()', '{\"uid\":3,\"userName\":\"Test\",\"passWord\":\"c177092a4155f0cf717eead27f81d3dc\",\"salt\":\"96d0d0c48669b1f8d4581fb394f5415a\",\"gender\":\"男\",\"age\":18,\"userType\":2,\"status\":0,\"createTime\":null,\"updateTime\":1510038013910}', '73', '127.0.0.1', '2017-11-07 15:00:13.986'), ('164', '1', null, '新增角色', 'com.warrior.base.controller.RoleController.addRole()', '{\"rid\":2,\"roleName\":\"普通用户\",\"remark\":\"\",\"status\":0,\"createTime\":1510038032829,\"updateTime\":1510038032829}', '50', '127.0.0.1', '2017-11-07 15:00:32.883'), ('165', '1', null, '修改角色权限', 'com.warrior.base.controller.PermissionController.updateRolePermission()', '2', '35', '127.0.0.1', '2017-11-07 15:01:04.519'), ('166', '3', null, '用户登录', 'com.warrior.base.controller.LoginController.doLogin()', '\"Test\"', '17', '127.0.0.1', '2017-11-07 15:01:54.088'), ('167', '1', null, '修改用户角色信息', 'com.warrior.base.controller.RoleController.updateUserRole()', '3', '10', '127.0.0.1', '2017-11-07 15:04:09.816'), ('168', '1', null, '修改用户角色信息', 'com.warrior.base.controller.RoleController.updateUserRole()', '3', '8', '127.0.0.1', '2017-11-07 15:04:20.075'), ('169', '1', null, '修改用户角色信息', 'com.warrior.base.controller.RoleController.updateUserRole()', '3', '5', '127.0.0.1', '2017-11-07 15:05:00.41'), ('170', '1', null, '用户登录', 'com.warrior.base.controller.LoginController.doLogin()', '\"admin\"', '362', '127.0.0.1', '2017-11-07 15:06:15.081'), ('171', '1', null, '修改用户角色信息', 'com.warrior.base.controller.RoleController.updateUserRole()', '3', '12', '127.0.0.1', '2017-11-07 15:06:32.27'), ('172', '1', null, '修改用户权限', 'com.warrior.base.controller.PermissionController.updateUserPermission()', '3', '36', '127.0.0.1', '2017-11-07 15:07:33.056'), ('173', '1', null, '用户登录', 'com.warrior.base.controller.LoginController.doLogin()', '\"admin\"', '330', '127.0.0.1', '2017-11-07 15:10:18.934'), ('174', '1', null, '修改用户角色信息', 'com.warrior.base.controller.RoleController.updateUserRole()', '3', '23', '127.0.0.1', '2017-11-07 15:10:24.985'), ('175', '3', null, '用户登录', 'com.warrior.base.controller.LoginController.doLogin()', '\"Test\"', '15', '127.0.0.1', '2017-11-07 15:10:42.806'), ('176', '1', null, '修改角色权限', 'com.warrior.base.controller.PermissionController.updateRolePermission()', '2', '69', '127.0.0.1', '2017-11-07 15:12:07.044'), ('177', '1', null, '修改角色权限', 'com.warrior.base.controller.PermissionController.updateRolePermission()', '2', '99', '127.0.0.1', '2017-11-07 15:14:13.856'), ('178', '3', null, '用户登出', 'com.warrior.base.controller.LoginController.logOut()', null, '9', '127.0.0.1', '2017-11-07 15:14:38.587'), ('179', '3', null, '用户登录', 'com.warrior.base.controller.LoginController.doLogin()', '\"Test\"', '19', '127.0.0.1', '2017-11-07 15:14:48.766'), ('180', '1', null, '修改角色权限', 'com.warrior.base.controller.PermissionController.updateRolePermission()', '2', '104', '127.0.0.1', '2017-11-07 15:16:01.479'), ('181', '3', null, '用户登出', 'com.warrior.base.controller.LoginController.logOut()', null, '1', '127.0.0.1', '2017-11-07 15:17:25.575'), ('182', '3', null, '用户登录', 'com.warrior.base.controller.LoginController.doLogin()', '\"Test\"', '9', '127.0.0.1', '2017-11-07 15:17:34.11'), ('183', '1', null, '修改角色权限', 'com.warrior.base.controller.PermissionController.updateRolePermission()', '2', '35', '127.0.0.1', '2017-11-07 15:18:45.971'), ('184', '3', null, '用户登录', 'com.warrior.base.controller.LoginController.doLogin()', '\"Test\"', '82', '127.0.0.1', '2017-11-07 15:19:44.515'), ('185', '1', null, '用户登录', 'com.warrior.base.controller.LoginController.doLogin()', '\"admin\"', '23', '127.0.0.1', '2017-11-07 15:20:02.046'), ('186', '1', null, '修改资源信息', 'com.warrior.base.controller.ResourceController.modified()', '{\"resId\":3,\"resName\":\"角色管理\",\"parentId\":0,\"url\":\"/role/list\",\"sort\":2,\"isShow\":0,\"remark\":\"\",\"status\":0,\"createTime\":null,\"updateTime\":1510039215505,\"permission\":\"admin:role:view\",\"icon\":\"person\",\"type\":0,\"parentName\":null}', '34', '127.0.0.1', '2017-11-07 15:20:15.544'), ('187', '1', null, '修改资源信息', 'com.warrior.base.controller.ResourceController.modified()', '{\"resId\":1,\"resName\":\"用户管理\",\"parentId\":0,\"url\":\"/user/list\",\"sort\":1,\"isShow\":0,\"remark\":\"\",\"status\":0,\"createTime\":null,\"updateTime\":1510039259422,\"permission\":\"\",\"icon\":\"person\",\"type\":0,\"parentName\":null}', '27', '127.0.0.1', '2017-11-07 15:20:59.449'), ('188', '1', null, '新增资源信息', 'com.warrior.base.controller.ResourceController.addResource()', '{\"resId\":27,\"resName\":\"用户查询\",\"parentId\":1,\"url\":\"/user/list\",\"sort\":1,\"isShow\":1,\"remark\":\"\",\"status\":0,\"createTime\":1510039312692,\"updateTime\":1510039312692,\"permission\":\"admin:user:view\",\"icon\":\"\",\"type\":1,\"parentName\":null}', '25', '127.0.0.1', '2017-11-07 15:21:52.717'), ('189', '1', null, '修改资源信息', 'com.warrior.base.controller.ResourceController.modified()', '{\"resId\":27,\"resName\":\"用户查询\",\"parentId\":1,\"url\":\"\",\"sort\":1,\"isShow\":1,\"remark\":\"\",\"status\":0,\"createTime\":null,\"updateTime\":1510039328784,\"permission\":\"admin:user:view\",\"icon\":\"\",\"type\":1,\"parentName\":null}', '35', '127.0.0.1', '2017-11-07 15:22:08.819'), ('190', '1', null, '用户登出', 'com.warrior.base.controller.LoginController.logOut()', null, '3', '127.0.0.1', '2017-11-07 15:22:47.657'), ('191', '1', null, '用户登录', 'com.warrior.base.controller.LoginController.doLogin()', '\"admin\"', '15', '127.0.0.1', '2017-11-07 15:22:51.919'), ('192', '1', null, '修改角色权限', 'com.warrior.base.controller.PermissionController.updateRolePermission()', '1', '123', '127.0.0.1', '2017-11-07 15:23:25.516'), ('193', '1', null, '用户登出', 'com.warrior.base.controller.LoginController.logOut()', null, '1', '127.0.0.1', '2017-11-07 15:23:34.063'), ('194', '1', null, '用户登录', 'com.warrior.base.controller.LoginController.doLogin()', '\"admin\"', '18', '127.0.0.1', '2017-11-07 15:23:38.577'), ('195', '1', null, '修改资源信息', 'com.warrior.base.controller.ResourceController.modified()', '{\"resId\":3,\"resName\":\"角色管理\",\"parentId\":0,\"url\":\"/role/list\",\"sort\":2,\"isShow\":0,\"remark\":\"\",\"status\":0,\"createTime\":null,\"updateTime\":1510039442076,\"permission\":\"\",\"icon\":\"person\",\"type\":0,\"parentName\":null}', '21', '127.0.0.1', '2017-11-07 15:24:02.097'), ('196', '1', null, '新增资源信息', 'com.warrior.base.controller.ResourceController.addResource()', '{\"resId\":28,\"resName\":\"角色查询\",\"parentId\":3,\"url\":\"\",\"sort\":1,\"isShow\":1,\"remark\":\"\",\"status\":0,\"createTime\":1510039462803,\"updateTime\":1510039462803,\"permission\":\"admin:role:view\",\"icon\":\"\",\"type\":1,\"parentName\":null}', '28', '127.0.0.1', '2017-11-07 15:24:22.831'), ('197', '1', null, '修改资源信息', 'com.warrior.base.controller.ResourceController.modified()', '{\"resId\":2,\"resName\":\"资源管理\",\"parentId\":24,\"url\":\"/resource/list\",\"sort\":1,\"isShow\":0,\"remark\":\"\",\"status\":0,\"createTime\":null,\"updateTime\":1510039507325,\"permission\":\"\",\"icon\":\"ios-folder\",\"type\":0,\"parentName\":null}', '15', '127.0.0.1', '2017-11-07 15:25:07.34'), ('198', '1', null, '新增资源信息', 'com.warrior.base.controller.ResourceController.addResource()', '{\"resId\":29,\"resName\":\"资源查询\",\"parentId\":2,\"url\":\"\",\"sort\":1,\"isShow\":1,\"remark\":\"\",\"status\":0,\"createTime\":1510039525241,\"updateTime\":1510039525241,\"permission\":\"admin:resource:view\",\"icon\":\"\",\"type\":1,\"parentName\":null}', '27', '127.0.0.1', '2017-11-07 15:25:25.268'), ('199', '1', null, '修改资源信息', 'com.warrior.base.controller.ResourceController.modified()', '{\"resId\":4,\"resName\":\"字典管理\",\"parentId\":24,\"url\":\"/dict/list\",\"sort\":2,\"isShow\":0,\"remark\":\"\",\"status\":0,\"createTime\":null,\"updateTime\":1510039532078,\"permission\":\"\",\"icon\":\"briefcase\",\"type\":0,\"parentName\":null}', '9', '127.0.0.1', '2017-11-07 15:25:32.087'), ('200', '1', null, '新增资源信息', 'com.warrior.base.controller.ResourceController.addResource()', '{\"resId\":30,\"resName\":\"字典查询\",\"parentId\":4,\"url\":\"\",\"sort\":1,\"isShow\":1,\"remark\":\"\",\"status\":0,\"createTime\":1510039546645,\"updateTime\":1510039546646,\"permission\":\"admin:dict:view\",\"icon\":\"\",\"type\":0,\"parentName\":null}', '20', '127.0.0.1', '2017-11-07 15:25:46.667'), ('201', '1', null, '修改资源信息', 'com.warrior.base.controller.ResourceController.modified()', '{\"resId\":25,\"resName\":\"系统日志\",\"parentId\":24,\"url\":\"/log/list\",\"sort\":3,\"isShow\":0,\"remark\":\"\",\"status\":0,\"createTime\":null,\"updateTime\":1510039552720,\"permission\":\"\",\"icon\":\"ios-list-outline\",\"type\":0,\"parentName\":null}', '10', '127.0.0.1', '2017-11-07 15:25:52.73'), ('202', '1', null, '新增资源信息', 'com.warrior.base.controller.ResourceController.addResource()', '{\"resId\":31,\"resName\":\"日志查询\",\"parentId\":25,\"url\":\"\",\"sort\":1,\"isShow\":1,\"remark\":\"\",\"status\":0,\"createTime\":1510039574823,\"updateTime\":1510039574823,\"permission\":\"admin:log:view\",\"icon\":\"\",\"type\":1,\"parentName\":null}', '22', '127.0.0.1', '2017-11-07 15:26:14.846'), ('203', '1', null, '修改角色权限', 'com.warrior.base.controller.PermissionController.updateRolePermission()', '1', '97', '127.0.0.1', '2017-11-07 15:26:34.558'), ('204', '1', 'admin', '用户登录', 'com.warrior.base.controller.LoginController.doLogin()', '\"admin\"', '409', '127.0.0.1', '2017-11-07 16:16:02.851'), ('205', '1', 'admin', '用户登录', 'com.warrior.base.controller.LoginController.doLogin()', '\"admin\"', '81', '127.0.0.1', '2017-11-07 16:26:00.141'), ('206', '1', 'admin', '用户登录', 'com.warrior.base.controller.LoginController.doLogin()', '\"admin\"', '430', '127.0.0.1', '2017-11-07 16:42:43.364'), ('207', '1', 'admin', '用户登录', 'com.warrior.base.controller.LoginController.doLogin()', '\"admin\"', '25', '127.0.0.1', '2017-11-07 16:42:58.055'), ('208', '1', 'admin', '用户登录', 'com.warrior.base.controller.LoginController.doLogin()', '\"admin\"', '404', '127.0.0.1', '2017-11-07 16:47:44.896'), ('209', '1', 'admin', '用户登录', 'com.warrior.base.controller.LoginController.doLogin()', '\"admin\"', '15', '127.0.0.1', '2017-11-07 16:47:55.599'), ('210', '1', 'admin', '用户登录', 'com.warrior.base.controller.LoginController.doLogin()', '\"admin\"', '393', '127.0.0.1', '2017-11-07 17:01:21.418'), ('211', '1', 'admin', '用户登录', 'com.warrior.base.controller.LoginController.doLogin()', '\"admin\"', '443', '127.0.0.1', '2017-11-07 17:37:53.733'), ('212', '1', 'admin', '用户登录', 'com.warrior.base.controller.LoginController.doLogin()', '\"admin\"', '26', '127.0.0.1', '2017-11-07 17:37:58.118'), ('213', '1', 'admin', '用户登录', 'com.warrior.base.controller.LoginController.doLogin()', '\"admin\"', '470', '127.0.0.1', '2017-11-07 17:44:47.172'), ('214', '1', 'admin', '用户登录', 'com.warrior.base.controller.LoginController.doLogin()', '\"admin\"', '26', '127.0.0.1', '2017-11-07 17:44:57.618'), ('215', '1', 'admin', '用户登录', 'com.warrior.base.controller.LoginController.doLogin()', '\"admin\"', '789', '127.0.0.1', '2017-11-08 15:52:22.202'), ('216', '1', 'admin', '用户登录', 'com.warrior.base.controller.LoginController.doLogin()', '\"admin\"', '25', '127.0.0.1', '2017-11-08 16:11:27.211'), ('217', '-1', null, '用户登出', 'com.warrior.base.controller.LoginController.logOut()', null, '4', '127.0.0.1', '2017-11-08 16:18:23.376'), ('218', '1', 'admin', '用户登录', 'com.warrior.base.controller.LoginController.doLogin()', '\"admin\"', '42', '127.0.0.1', '2017-11-08 16:29:10.805'), ('219', '1', 'admin', '用户登录', 'com.warrior.base.controller.LoginController.doLogin()', '\"admin\"', '440', '127.0.0.1', '2017-11-11 15:05:26.759'), ('220', '1', 'admin', '用户登录', 'com.warrior.base.controller.LoginController.doLogin()', '\"admin\"', '23', '127.0.0.1', '2017-11-11 15:13:16.576'), ('221', '1', 'admin', '用户登录', 'com.warrior.base.controller.LoginController.doLogin()', '\"admin\"', '106', '127.0.0.1', '2017-11-11 17:00:02.992'), ('222', '1', 'admin', '新增资源信息', 'com.warrior.base.controller.ResourceController.addResource()', '{\"resId\":32,\"resName\":\"测试\",\"parentId\":0,\"url\":\"/test/list\",\"sort\":1,\"isShow\":0,\"remark\":\"\",\"status\":0,\"createTime\":1510390877124,\"updateTime\":1510390877124,\"permission\":\"admin:test:view\",\"icon\":\"briefcase\",\"type\":0,\"parentName\":null}', '93', '127.0.0.1', '2017-11-11 17:01:17.229'), ('223', '1', 'admin', '修改角色权限', 'com.warrior.base.controller.PermissionController.updateRolePermission()', '1', '120', '127.0.0.1', '2017-11-11 17:01:34.973'), ('224', '1', 'admin', '用户登录', 'com.warrior.base.controller.LoginController.doLogin()', '\"admin\"', '82', '127.0.0.1', '2017-11-11 17:13:45.539'), ('225', '1', 'admin', '用户登录', 'com.warrior.base.controller.LoginController.doLogin()', '\"admin\"', '574', '127.0.0.1', '2017-11-11 17:19:49.113'), ('226', '1', 'admin', '新增资源信息', 'com.warrior.base.controller.ResourceController.addResource()', '{\"resId\":33,\"resName\":\"添加\",\"parentId\":32,\"url\":\"\",\"sort\":1,\"isShow\":0,\"remark\":\"\",\"status\":0,\"createTime\":1510392029263,\"updateTime\":1510392029263,\"permission\":\"admin:test:add\",\"icon\":\"\",\"type\":1,\"parentName\":null}', '39', '127.0.0.1', '2017-11-11 17:20:29.308'), ('227', '1', 'admin', '新增资源信息', 'com.warrior.base.controller.ResourceController.addResource()', '{\"resId\":34,\"resName\":\"修改\",\"parentId\":32,\"url\":\"\",\"sort\":1,\"isShow\":0,\"remark\":\"\",\"status\":0,\"createTime\":1510392056306,\"updateTime\":1510392056306,\"permission\":\"admin:test:update\",\"icon\":\"\",\"type\":1,\"parentName\":null}', '30', '127.0.0.1', '2017-11-11 17:20:56.336'), ('228', '1', 'admin', '新增资源信息', 'com.warrior.base.controller.ResourceController.addResource()', '{\"resId\":35,\"resName\":\"删除\",\"parentId\":32,\"url\":\"\",\"sort\":1,\"isShow\":0,\"remark\":\"\",\"status\":0,\"createTime\":1510392081902,\"updateTime\":1510392081902,\"permission\":\"admin:test:del\",\"icon\":\"\",\"type\":1,\"parentName\":null}', '22', '127.0.0.1', '2017-11-11 17:21:21.925'), ('229', '1', 'admin', '修改角色权限', 'com.warrior.base.controller.PermissionController.updateRolePermission()', '1', '194', '127.0.0.1', '2017-11-11 17:21:41.035'), ('230', '1', 'admin', '用户登出', 'com.warrior.base.controller.LoginController.logOut()', null, '3', '127.0.0.1', '2017-11-11 17:21:45.579'), ('231', '1', 'admin', '用户登录', 'com.warrior.base.controller.LoginController.doLogin()', '\"admin\"', '19', '127.0.0.1', '2017-11-11 17:21:49.428'), ('232', '1', 'admin', '用户登录', 'com.warrior.base.controller.LoginController.doLogin()', '\"admin\"', '53', '127.0.0.1', '2017-11-11 17:31:58.305'), ('233', '1', 'admin', '新增测试信息', 'com.warrior.test.controller.TestController.addTest()', '{\"id\":1,\"name\":\"Test1\",\"age\":19,\"createTime\":null}', '16', '127.0.0.1', '2017-11-11 17:33:10.148'), ('234', '1', 'admin', '用户登录', 'com.warrior.base.controller.LoginController.doLogin()', '\"admin\"', '430', '127.0.0.1', '2017-11-11 17:40:30.42'), ('235', '1', 'admin', '修改测试信息', 'com.warrior.test.controller.TestController.modifiedTest()', '{\"id\":1,\"name\":\"Test1\",\"age\":23,\"createTime\":null}', '93', '127.0.0.1', '2017-11-11 17:45:02.934'), ('236', '1', 'admin', '用户登录', 'com.warrior.base.controller.LoginController.doLogin()', '\"admin\"', '389', '127.0.0.1', '2017-11-11 17:49:49.292'), ('237', '1', 'admin', '删除测试信息', 'com.warrior.test.controller.TestController.delTest()', '1', '35', '127.0.0.1', '2017-11-11 17:49:53.733'), ('238', '1', 'admin', '新增测试信息', 'com.warrior.test.controller.TestController.addTest()', '{\"id\":2,\"name\":\"Test1\",\"age\":15,\"createTime\":null}', '575', '127.0.0.1', '2017-11-11 17:50:04.678'), ('239', '1', 'admin', '新增测试信息', 'com.warrior.test.controller.TestController.addTest()', '{\"id\":3,\"name\":\"Test3\",\"age\":21,\"createTime\":null}', '19', '127.0.0.1', '2017-11-11 17:50:12.602'), ('240', '1', 'admin', '用户登录', 'com.warrior.base.controller.LoginController.doLogin()', '\"admin\"', '463', '127.0.0.1', '2017-11-11 17:53:47.385'), ('241', '1', 'admin', '修改测试信息', 'com.warrior.test.controller.TestController.modifiedTest()', '{\"id\":2,\"name\":\"Test1\",\"age\":23,\"createTime\":null}', '52', '127.0.0.1', '2017-11-11 17:54:16.222'), ('242', '1', 'admin', '用户登录', 'com.warrior.base.controller.LoginController.doLogin()', '\"admin\"', '43', '127.0.0.1', '2017-11-11 18:06:13.048'), ('243', '1', 'admin', '用户登录', 'com.warrior.base.controller.LoginController.doLogin()', '\"admin\"', '524', '127.0.0.1', '2017-11-13 09:56:27.76'), ('244', '1', 'admin', '用户登录', 'com.warrior.base.controller.LoginController.doLogin()', '\"admin\"', '48', '127.0.0.1', '2017-11-13 10:37:40.95'), ('245', '1', 'admin', '修改角色权限', 'com.warrior.base.controller.PermissionController.updateRolePermission()', '1', '133', '127.0.0.1', '2017-11-13 10:37:53.097'), ('246', '1', 'admin', '修改角色权限', 'com.warrior.base.controller.PermissionController.updateRolePermission()', '1', '134', '127.0.0.1', '2017-11-13 10:39:57.806'), ('247', '1', 'admin', '用户登出', 'com.warrior.base.controller.LoginController.logOut()', null, '2', '127.0.0.1', '2017-11-13 10:40:06.984'), ('248', '1', 'admin', '用户登录', 'com.warrior.base.controller.LoginController.doLogin()', '\"admin\"', '19', '127.0.0.1', '2017-11-13 10:40:13.427'), ('249', '1', 'admin', '用户登录', 'com.warrior.base.controller.LoginController.doLogin()', '\"admin\"', '90', '127.0.0.1', '2017-11-15 14:36:45.413'), ('250', '1', 'admin', '用户登录', 'com.warrior.base.controller.LoginController.doLogin()', '\"admin\"', '45', '127.0.0.1', '2017-11-15 14:37:30.019'), ('251', '1', 'admin', '用户登录', 'com.warrior.base.controller.LoginController.doLogin()', '\"admin\"', '32', '127.0.0.1', '2017-11-15 14:40:47.189'), ('252', '1', 'admin', '用户登录', 'com.warrior.base.controller.LoginController.doLogin()', '\"admin\"', '407', '127.0.0.1', '2017-11-15 14:47:27.504'), ('253', '1', 'admin', '用户登录', 'com.warrior.base.controller.LoginController.doLogin()', '\"admin\"', '486', '127.0.0.1', '2017-11-15 14:54:50.971'), ('254', '1', 'admin', '用户登录', 'com.warrior.base.controller.LoginController.doLogin()', '\"admin\"', '347', '127.0.0.1', '2017-11-15 14:56:20.586'), ('255', '1', 'admin', '用户登录', 'com.warrior.base.controller.LoginController.doLogin()', '\"admin\"', '394', '127.0.0.1', '2017-11-15 15:01:27.1'), ('256', '1', 'admin', '用户登录', 'com.warrior.base.controller.LoginController.doLogin()', '\"admin\"', '465', '127.0.0.1', '2017-11-15 15:06:03.295'), ('257', '1', 'admin', '用户登录', 'com.warrior.base.controller.LoginController.doLogin()', '\"admin\"', '372', '127.0.0.1', '2017-11-15 15:07:40.873'), ('258', '1', 'admin', '用户登录', 'com.warrior.base.controller.LoginController.doLogin()', '\"admin\"', '510', '127.0.0.1', '2017-11-15 15:09:25.245'), ('259', '1', 'admin', '用户登录', 'com.warrior.base.controller.LoginController.doLogin()', '\"admin\"', '20', '127.0.0.1', '2017-11-15 15:10:31.567'), ('260', '1', 'admin', '用户登录', 'com.warrior.base.controller.LoginController.doLogin()', '\"admin\"', '23', '127.0.0.1', '2017-11-15 15:11:01.55'), ('261', '1', 'admin', '用户登录', 'com.warrior.base.controller.LoginController.doLogin()', '\"admin\"', '22', '127.0.0.1', '2017-11-15 15:11:32.243'), ('262', '1', 'admin', '用户登录', 'com.warrior.base.controller.LoginController.doLogin()', '\"admin\"', '18', '127.0.0.1', '2017-11-15 15:12:13.221'), ('263', '1', 'admin', '用户登录', 'com.warrior.base.controller.LoginController.doLogin()', '\"admin\"', '1411', '127.0.0.1', '2017-11-15 15:20:11.048'), ('264', '1', 'admin', '用户登录', 'com.warrior.base.controller.LoginController.doLogin()', '\"admin\"', '48', '127.0.0.1', '2017-11-15 15:20:24.507'), ('265', '1', 'admin', '用户登录', 'com.warrior.base.controller.LoginController.doLogin()', '\"admin\"', '399', '127.0.0.1', '2017-11-15 15:21:31.414'), ('266', '1', 'admin', '用户登录', 'com.warrior.base.controller.LoginController.doLogin()', '\"admin\"', '43', '127.0.0.1', '2017-11-15 15:21:57.183'), ('267', '1', 'admin', '用户登录', 'com.warrior.base.controller.LoginController.doLogin()', '\"admin\"', '62', '127.0.0.1', '2017-11-15 15:22:12.419'), ('268', '1', 'admin', '用户登录', 'com.warrior.base.controller.LoginController.doLogin()', '\"admin\"', '48', '127.0.0.1', '2017-11-15 15:24:55.01'), ('269', '1', 'admin', '用户登录', 'com.warrior.base.controller.LoginController.doLogin()', '\"admin\"', '68', '127.0.0.1', '2017-11-15 15:31:15.946'), ('270', '1', 'admin', '用户登录', 'com.warrior.base.controller.LoginController.doLogin()', '\"admin\"', '540', '127.0.0.1', '2017-11-15 16:58:02.351'), ('271', '1', 'admin', '用户登录', 'com.warrior.base.controller.LoginController.doLogin()', '\"admin\"', '198', '127.0.0.1', '2017-11-15 17:44:30.944'), ('272', '1', 'admin', '用户登录', 'com.warrior.base.controller.LoginController.doLogin()', '\"admin\"', '51', '127.0.0.1', '2017-11-15 17:51:10.116'), ('273', '1', 'admin', '用户登录', 'com.warrior.base.controller.LoginController.doLogin()', '\"admin\"', '486', '127.0.0.1', '2017-11-16 10:15:24.658'), ('274', '1', 'admin', '用户登录', 'com.warrior.base.controller.LoginController.doLogin()', '\"admin\"', '18', '127.0.0.1', '2017-11-16 10:21:24.136'), ('275', '1', 'admin', '用户登录', 'com.warrior.base.controller.LoginController.doLogin()', '\"admin\"', '384', '127.0.0.1', '2017-11-16 10:39:05.206'), ('276', '1', 'admin', '用户登录', 'com.warrior.base.controller.LoginController.doLogin()', '\"admin\"', '432', '127.0.0.1', '2017-11-16 10:46:40.285'), ('277', '1', 'admin', '用户登录', 'com.warrior.base.controller.LoginController.doLogin()', '\"admin\"', '398', '127.0.0.1', '2017-11-16 11:02:40.818'), ('278', '1', 'admin', '用户登录', 'com.warrior.base.controller.LoginController.doLogin()', '\"admin\"', '38', '127.0.0.1', '2017-11-16 11:13:59.302'), ('279', '1', 'admin', '用户登录', 'com.warrior.base.controller.LoginController.doLogin()', '\"admin\"', '548', '127.0.0.1', '2017-11-16 15:36:54.877'), ('280', '1', 'admin', '用户登录', 'com.warrior.base.controller.LoginController.doLogin()', '\"admin\"', '21', '127.0.0.1', '2017-11-16 15:38:16.992'), ('281', '1', 'admin', '用户登录', 'com.warrior.base.controller.LoginController.doLogin()', '\"admin\"', '49', '127.0.0.1', '2017-11-16 15:38:34.035'), ('282', '1', 'admin', '用户登录', 'com.warrior.base.controller.LoginController.doLogin()', '\"admin\"', '14', '127.0.0.1', '2017-11-16 15:38:35.121'), ('283', '1', 'admin', '用户登录', 'com.warrior.base.controller.LoginController.doLogin()', '\"admin\"', '60', '127.0.0.1', '2017-11-16 15:39:07.401'), ('284', '1', 'admin', '用户登录', 'com.warrior.base.controller.LoginController.doLogin()', '\"admin\"', '355', '127.0.0.1', '2017-11-16 15:40:49.265'), ('285', '1', 'admin', '用户登录', 'com.warrior.base.controller.LoginController.doLogin()', '\"admin\"', '368', '127.0.0.1', '2017-11-16 15:42:06.156'), ('286', '1', 'admin', '用户登录', 'com.warrior.base.controller.LoginController.doLogin()', '\"admin\"', '424', '127.0.0.1', '2017-11-16 16:00:45.29'), ('287', '1', 'admin', '用户登录', 'com.warrior.base.controller.LoginController.doLogin()', '\"admin\"', '83', '127.0.0.1', '2017-11-16 16:02:35.009'), ('288', '1', 'admin', '用户登录', 'com.warrior.base.controller.LoginController.doLogin()', '\"admin\"', '588', '127.0.0.1', '2017-11-16 17:05:00.251'), ('289', '1', 'admin', '用户登录', 'com.warrior.base.controller.LoginController.doLogin()', '\"admin\"', '479', '127.0.0.1', '2017-11-16 17:22:15.673'), ('290', '1', 'admin', '用户登录', 'com.warrior.base.controller.LoginController.doLogin()', '\"admin\"', '39', '127.0.0.1', '2017-11-16 17:22:29.082'), ('291', '1', 'admin', '用户登录', 'com.warrior.base.controller.LoginController.doLogin()', '\"admin\"', '939', '127.0.0.1', '2017-11-16 17:24:33.727'), ('292', '1', 'admin', '用户登录', 'com.warrior.base.controller.LoginController.doLogin()', '\"admin\"', '148', '127.0.0.1', '2017-11-16 17:26:53.88'), ('293', '-1', null, '用户登录[操作失败]', 'com.warrior.base.controller.LoginController.doLogin()', '\"admin\"', '22', '127.0.0.1', '2017-11-16 17:39:27.875'), ('294', '1', 'admin', '用户登录', 'com.warrior.base.controller.LoginController.doLogin()', '\"admin\"', '136', '127.0.0.1', '2017-11-16 17:40:24.592'), ('295', '1', 'admin', '用户登录', 'com.warrior.base.controller.LoginController.doLogin()', '\"admin\"', '45', '127.0.0.1', '2017-11-16 17:41:45.213'), ('296', '1', 'admin', '用户登录', 'com.warrior.base.controller.LoginController.doLogin()', '\"admin\"', '161', '127.0.0.1', '2017-11-16 17:44:36.833'), ('297', '1', 'admin', '用户登录', 'com.warrior.base.controller.LoginController.doLogin()', '\"admin\"', '52', '127.0.0.1', '2017-11-16 17:45:01.692'), ('298', '1', 'admin', '用户登录', 'com.warrior.base.controller.LoginController.doLogin()', '\"admin\"', '86', '127.0.0.1', '2017-11-16 17:48:22.492'), ('299', '1', 'admin', '用户登录', 'com.warrior.base.controller.LoginController.doLogin()', '\"admin\"', '152', '127.0.0.1', '2017-11-16 17:58:33.362'), ('300', '1', 'admin', '用户登录', 'com.warrior.base.controller.LoginController.doLogin()', '\"admin\"', '161', '127.0.0.1', '2017-11-16 18:03:50.851'), ('301', '-1', null, '用户登录', 'com.warrior.base.controller.LoginController.doLogin()', '\"admin\"', '667', '127.0.0.1', '2017-11-16 18:10:26.922'), ('302', '-1', null, '用户登录', 'com.warrior.base.controller.LoginController.doLogin()', '\"admin\"', '138', '127.0.0.1', '2017-11-16 18:12:29.717'), ('303', '-1', null, '用户登录', 'com.warrior.base.controller.LoginController.doLogin()', '\"admin\"', '127', '127.0.0.1', '2017-11-16 18:14:33.302'), ('304', '-1', null, '用户登录', 'com.warrior.base.controller.LoginController.doLogin()', '\"admin\"', '110', '127.0.0.1', '2017-11-16 18:15:49.448'), ('305', '-1', null, '用户登录', 'com.warrior.base.controller.LoginController.doLogin()', '\"admin\"', '134', '127.0.0.1', '2017-11-16 18:18:44.693'), ('306', '-1', null, '用户登录', 'com.warrior.base.controller.LoginController.doLogin()', '\"admin\"', '168', '127.0.0.1', '2017-11-16 18:23:47.652'), ('307', '-1', null, '用户登录', 'com.warrior.base.controller.LoginController.doLogin()', '\"admin\"', '126', '127.0.0.1', '2017-11-16 18:27:20.815'), ('308', '1', 'admin', '用户登录', 'com.warrior.base.controller.LoginController.doLogin()', '\"admin\"', '247', '127.0.0.1', '2017-11-17 10:37:11.916'), ('309', '1', 'admin', '用户登录', 'com.warrior.base.controller.LoginController.doLogin()', '\"admin\"', '59', '127.0.0.1', '2017-11-17 10:45:48.972'), ('310', '1', 'admin', '用户登录', 'com.warrior.base.controller.LoginController.doLogin()', '\"admin\"', '119', '127.0.0.1', '2017-11-17 10:56:22.771'), ('311', '1', 'admin', '用户登录', 'com.warrior.base.controller.LoginController.doLogin()', '\"admin\"', '218', '127.0.0.1', '2017-11-17 10:58:57.073'), ('312', '1', 'admin', '用户登录', 'com.warrior.base.controller.LoginController.doLogin()', '\"admin\"', '35', '127.0.0.1', '2017-11-17 11:06:10.881'), ('313', '1', 'admin', '用户登录', 'com.warrior.base.controller.LoginController.doLogin()', '\"admin\"', '41', '127.0.0.1', '2017-11-17 11:19:05.29'), ('314', '1', 'admin', '用户登录', 'com.warrior.base.controller.LoginController.doLogin()', '\"admin\"', '104', '127.0.0.1', '2017-11-17 11:28:39.553'), ('315', '1', 'admin', '用户登录', 'com.warrior.base.controller.LoginController.doLogin()', '\"admin\"', '51', '127.0.0.1', '2017-11-17 11:29:36.139'), ('316', '1', 'admin', '用户登录', 'com.warrior.base.controller.LoginController.doLogin()', '\"admin\"', '45', '127.0.0.1', '2017-11-17 11:31:00.665'), ('317', '1', 'admin', '用户登录', 'com.warrior.base.controller.LoginController.doLogin()', '\"admin\"', '212', '127.0.0.1', '2017-11-17 11:41:45.435'), ('318', '1', 'admin', '用户登录', 'com.warrior.base.controller.LoginController.doLogin()', '\"admin\"', '134', '127.0.0.1', '2017-11-17 11:49:32.686'), ('319', '1', 'admin', '用户登录', 'com.warrior.base.controller.LoginController.doLogin()', '\"admin\"', '130', '127.0.0.1', '2017-11-17 11:53:53.044'), ('320', '1', 'admin', '用户登录', 'com.warrior.base.controller.LoginController.doLogin()', '\"admin\"', '114', '127.0.0.1', '2017-11-17 11:58:43.675'), ('321', '1', 'admin', '用户登录', 'com.warrior.base.controller.LoginController.doLogin()', '\"admin\"', '194', '127.0.0.1', '2017-11-17 12:01:58.775'), ('322', '1', 'admin', '用户登录', 'com.warrior.base.controller.LoginController.doLogin()', '\"admin\"', '167', '127.0.0.1', '2017-11-17 12:05:46.516'), ('323', '1', 'admin', '用户登录', 'com.warrior.base.controller.LoginController.doLogin()', '\"admin\"', '271', '127.0.0.1', '2017-11-17 14:19:48.792'), ('324', '-1', null, '用户登出', 'com.warrior.base.controller.LoginController.logOut()', '\"42c3956f07934cfbaa640f23fc249b83\"', '27', '127.0.0.1', '2017-11-17 14:20:51.828'), ('325', '1', 'admin', '用户登录', 'com.warrior.base.controller.LoginController.doLogin()', '\"admin\"', '161', '127.0.0.1', '2017-11-17 14:26:34.028'), ('326', '1', 'admin', '用户登录', 'com.warrior.base.controller.LoginController.doLogin()', '\"admin\"', '57', '127.0.0.1', '2017-11-17 14:27:16.166'), ('327', '-1', null, '用户登录[操作失败]', 'com.warrior.base.controller.LoginController.doLogin()', '\"adfs\"', '20', '127.0.0.1', '2017-11-17 14:30:45.361'), ('328', '1', 'admin', '用户登录', 'com.warrior.base.controller.LoginController.doLogin()', '\"admin\"', '30', '127.0.0.1', '2017-11-17 14:31:56.191'), ('329', '1', 'admin', '用户登录', 'com.warrior.base.controller.LoginController.doLogin()', '\"admin\"', '32', '127.0.0.1', '2017-11-17 14:44:02.956'), ('330', '-1', null, '用户登出', 'com.warrior.base.controller.LoginController.logOut()', '\"aecdd4c1c0a54661917714e32569e9a9\"', '40', '127.0.0.1', '2017-11-17 14:52:09.265'), ('331', '1', 'admin', '用户登录', 'com.warrior.base.controller.LoginController.doLogin()', '\"admin\"', '32', '127.0.0.1', '2017-11-17 14:52:18.297'), ('332', '-1', null, '用户登出', 'com.warrior.base.controller.LoginController.logOut()', '\"247774e3b06543e3a01f2507b5dbf634\"', '26', '127.0.0.1', '2017-11-17 14:53:02.692'), ('333', '1', 'admin', '用户登录', 'com.warrior.base.controller.LoginController.doLogin()', '\"admin\"', '17', '127.0.0.1', '2017-11-17 14:53:09.111'), ('334', '1', 'admin', '用户登录', 'com.warrior.base.controller.LoginController.doLogin()', '\"admin\"', '23', '127.0.0.1', '2017-11-17 15:04:47.956'), ('335', '1', 'admin', '用户登录', 'com.warrior.common.controller.LoginController.doLogin()', '\"admin\"', '140', '127.0.0.1', '2017-11-17 15:38:49.873'), ('336', '1', 'admin', '用户登录', 'com.warrior.common.controller.LoginController.doLogin()', '\"admin\"', '18', '127.0.0.1', '2017-11-17 15:58:32.661'), ('337', '1', 'admin', '用户登录', 'com.warrior.common.controller.LoginController.doLogin()', '\"admin\"', '45', '127.0.0.1', '2017-11-17 16:08:15.914'), ('338', '1', 'admin', '用户登录', 'com.warrior.common.controller.LoginController.doLogin()', '\"admin\"', '25', '127.0.0.1', '2017-11-17 16:18:51.986'), ('339', '1', 'admin', '用户登录', 'com.warrior.common.controller.LoginController.doLogin()', '\"admin\"', '21', '127.0.0.1', '2017-11-17 16:26:02.451'), ('340', '-1', null, '修改用户', 'com.warrior.common.controller.UserController.modifiedUser()', '{\"uid\":3,\"userName\":\"Test\",\"passWord\":\"c177092a4155f0cf717eead27f81d3dc\",\"salt\":null,\"gender\":\"男\",\"age\":18,\"userType\":2,\"status\":0,\"createTime\":null,\"updateTime\":1510907170995,\"token\":\"a917b43b85a9441e8c01cf8b4920326e\"}', '15', '127.0.0.1', '2017-11-17 16:26:11.021'), ('341', '-1', null, '修改用户', 'com.warrior.common.controller.UserController.modifiedUser()', '{\"uid\":3,\"userName\":\"Test\",\"passWord\":\"c177092a4155f0cf717eead27f81d3dc\",\"salt\":null,\"gender\":\"男\",\"age\":22,\"userType\":2,\"status\":0,\"createTime\":null,\"updateTime\":1510907177092,\"token\":\"a917b43b85a9441e8c01cf8b4920326e,a917b43b85a9441e8c01cf8b4920326e\"}', '8', '127.0.0.1', '2017-11-17 16:26:17.101'), ('342', '1', 'admin', '用户登录', 'com.warrior.common.controller.LoginController.doLogin()', '\"admin\"', '36', '127.0.0.1', '2017-11-17 16:33:57.467'), ('343', '1', 'admin', '用户登录', 'com.warrior.common.controller.LoginController.doLogin()', '\"admin\"', '75', '127.0.0.1', '2017-11-17 16:39:24.432'), ('344', '1', 'admin', '用户登录', 'com.warrior.common.controller.LoginController.doLogin()', '\"admin\"', '50', '127.0.0.1', '2017-11-17 16:51:27.269'), ('345', '-1', null, '修改密码', 'com.warrior.common.controller.UserController.updatePassWord()', '\"123456\"', '29', '127.0.0.1', '2017-11-17 16:51:46.605'), ('346', '-1', null, '用户登出', 'com.warrior.common.controller.LoginController.logOut()', null, '54', '127.0.0.1', '2017-11-17 16:53:18.279'), ('347', '-1', null, '用户登录[操作失败]', 'com.warrior.common.controller.LoginController.doLogin()', '\"admin\"', '0', '127.0.0.1', '2017-11-17 16:53:22.174'), ('348', '1', 'admin', '用户登录', 'com.warrior.common.controller.LoginController.doLogin()', '\"admin\"', '51', '127.0.0.1', '2017-11-17 16:53:29.179'), ('349', '-1', null, '修改密码', 'com.warrior.common.controller.UserController.updatePassWord()', '\"123456789\"', '25', '127.0.0.1', '2017-11-17 16:53:42.959'), ('350', '1', 'admin', '用户登录', 'com.warrior.common.controller.LoginController.doLogin()', '\"admin\"', '61', '127.0.0.1', '2017-11-17 17:13:43.367'), ('351', '-1', null, '用户登出', 'com.warrior.common.controller.LoginController.logOut()', null, '32', '127.0.0.1', '2017-11-17 17:18:08.257'), ('352', '1', 'admin', '用户登录', 'com.warrior.common.controller.LoginController.doLogin()', '\"admin\"', '20', '127.0.0.1', '2017-11-17 17:18:13.177'), ('353', '1', 'admin', '用户登录', 'com.warrior.common.controller.LoginController.doLogin()', '\"admin\"', '53', '127.0.0.1', '2017-11-17 17:19:55.267'), ('354', '1', 'admin', '用户登录', 'com.warrior.common.controller.LoginController.doLogin()', '\"admin\"', '46', '127.0.0.1', '2017-11-17 17:26:40.574'), ('355', '-1', null, '用户登出', 'com.warrior.common.controller.LoginController.logOut()', null, '50', '127.0.0.1', '2017-11-17 17:30:30.889'), ('356', '-1', null, '用户登录[操作失败]', 'com.warrior.common.controller.LoginController.doLogin()', '\"admin\"', '0', '127.0.0.1', '2017-11-17 17:30:36.684'), ('357', '1', 'admin', '用户登录', 'com.warrior.common.controller.LoginController.doLogin()', '\"admin\"', '168', '127.0.0.1', '2017-11-17 17:35:38.596'), ('358', '1', 'admin', '用户登录', 'com.warrior.common.controller.LoginController.doLogin()', '\"admin\"', '74', '127.0.0.1', '2017-11-17 17:39:21.335'), ('359', '1', 'admin', '用户登录', 'com.warrior.common.controller.LoginController.doLogin()', '\"admin\"', '82', '127.0.0.1', '2017-11-17 17:43:10.439'), ('360', '1', 'admin', '用户登录', 'com.warrior.common.controller.LoginController.doLogin()', '\"admin\"', '67', '127.0.0.1', '2017-11-17 17:47:55.85'), ('361', '1', 'admin', '用户登录', 'com.warrior.common.controller.LoginController.doLogin()', '\"admin\"', '51', '127.0.0.1', '2017-11-17 18:11:20.019'), ('362', '1', 'admin', '用户登录', 'com.warrior.common.controller.LoginController.doLogin()', '\"admin\"', '61', '127.0.0.1', '2017-11-19 09:12:22.841'), ('363', '1', 'admin', '用户登录', 'com.warrior.common.controller.LoginController.doLogin()', '\"admin\"', '94', '127.0.0.1', '2017-11-19 09:15:41.453'), ('364', '1', 'admin', '用户登录', 'com.warrior.common.controller.LoginController.doLogin()', '\"admin\"', '54', '127.0.0.1', '2017-11-19 09:18:22.722'), ('365', '1', 'admin', '用户登录', 'com.warrior.common.controller.LoginController.doLogin()', '\"admin\"', '52', '127.0.0.1', '2017-11-19 09:22:48.742'), ('366', '1', 'admin', '用户登录', 'com.warrior.common.controller.LoginController.doLogin()', '\"admin\"', '50', '127.0.0.1', '2017-11-20 09:51:07.999'), ('367', '1', 'admin', '用户登录', 'com.warrior.common.controller.LoginController.doLogin()', '\"admin\"', '21', '127.0.0.1', '2017-11-20 10:13:07.17'), ('368', '1', 'admin', '用户登录', 'com.warrior.common.controller.LoginController.doLogin()', '\"admin\"', '28', '127.0.0.1', '2017-11-20 10:39:23.731'), ('369', '1', 'admin', '用户登录', 'com.warrior.common.controller.LoginController.doLogin()', '\"admin\"', '21', '127.0.0.1', '2017-11-20 10:47:34.222'), ('370', '1', 'admin', '用户登录', 'com.warrior.common.controller.LoginController.doLogin()', '\"admin\"', '49', '127.0.0.1', '2017-11-20 10:58:49.703'), ('371', '1', 'admin', '用户登录', 'com.warrior.common.controller.LoginController.doLogin()', '\"admin\"', '14', '127.0.0.1', '2017-11-20 11:11:42.755'), ('372', '1', 'admin', '用户登录', 'com.warrior.common.controller.LoginController.doLogin()', '\"admin\"', '20', '127.0.0.1', '2017-11-20 11:23:09.073'), ('373', '-1', null, '用户登录[操作失败]', 'com.warrior.base.controller.LoginController.doLogin()', '\"admin\"', '32', '127.0.0.1', '2017-11-21 15:55:56.937'), ('374', '-1', null, '用户登录[操作失败]', 'com.warrior.base.controller.LoginController.doLogin()', '\"admin\"', '0', '127.0.0.1', '2017-11-21 15:56:40.859'), ('375', '-1', null, '用户登录[操作失败]', 'com.warrior.base.controller.LoginController.doLogin()', '\"admin\"', '0', '127.0.0.1', '2017-11-21 15:57:18.227'), ('376', '-1', null, '用户登录[操作失败]', 'com.warrior.base.controller.LoginController.doLogin()', '\"admin\"', '0', '127.0.0.1', '2017-11-21 15:57:30.664'), ('377', '3', 'Test', '用户登录', 'com.warrior.base.controller.LoginController.doLogin()', '\"Test\"', '53', '127.0.0.1', '2017-11-21 15:57:44.271'), ('378', '-1', null, '用户登出', 'com.warrior.base.controller.LoginController.logOut()', null, '21', '127.0.0.1', '2017-11-21 15:58:09.1'), ('379', '-1', null, '用户登录[操作失败]', 'com.warrior.base.controller.LoginController.doLogin()', '\"admin\"', '0', '127.0.0.1', '2017-11-21 15:58:28.05'), ('380', '-1', null, '用户登录[操作失败]', 'com.warrior.base.controller.LoginController.doLogin()', '\"admin\"', '19', '127.0.0.1', '2017-11-21 15:59:29.914'), ('381', '-1', null, '用户登录[操作失败]', 'com.warrior.base.controller.LoginController.doLogin()', '\"admin\"', '0', '127.0.0.1', '2017-11-21 16:00:29.626'), ('382', '-1', null, '用户登录[操作失败]', 'com.warrior.base.controller.LoginController.doLogin()', '\"admin\"', '19', '127.0.0.1', '2017-11-21 16:02:18.626'), ('383', '-1', null, '用户登录[操作失败]', 'com.warrior.base.controller.LoginController.doLogin()', '\"admin\"', '18', '127.0.0.1', '2017-11-21 16:04:46.284'), ('384', '-1', null, '用户登录[操作失败]', 'com.warrior.base.controller.LoginController.doLogin()', '\"admin\"', '0', '127.0.0.1', '2017-11-21 16:04:52.642'), ('385', '-1', null, '用户登录[操作失败]', 'com.warrior.base.controller.LoginController.doLogin()', '\"Test\"', '0', '127.0.0.1', '2017-11-21 16:05:24.388'), ('386', '3', 'Test', '用户登录', 'com.warrior.base.controller.LoginController.doLogin()', '\"Test\"', '19', '127.0.0.1', '2017-11-21 16:05:28.725'), ('387', '-1', null, '用户登出', 'com.warrior.base.controller.LoginController.logOut()', null, '39', '127.0.0.1', '2017-11-21 16:05:36.995'), ('388', '-1', null, '用户登录[操作失败]', 'com.warrior.base.controller.LoginController.doLogin()', '\"admin\"', '0', '127.0.0.1', '2017-11-21 16:05:43.337'), ('389', '1', 'admin', '用户登录', 'com.warrior.base.controller.LoginController.doLogin()', '\"admin\"', '134', '127.0.0.1', '2017-11-21 16:14:48.838'), ('390', '-1', null, '用户登出', 'com.warrior.base.controller.LoginController.logOut()', null, '52', '127.0.0.1', '2017-11-21 16:15:45.125'), ('391', '1', 'admin', '用户登录', 'com.warrior.base.controller.LoginController.doLogin()', '\"admin\"', '26', '127.0.0.1', '2017-11-21 16:16:05.234'), ('392', '1', 'admin', '用户登录', 'com.warrior.base.controller.LoginController.doLogin()', '\"admin\"', '36', '127.0.0.1', '2017-11-21 16:28:12.59'), ('393', '-1', null, '用户登出', 'com.warrior.base.controller.LoginController.logOut()', null, '29', '127.0.0.1', '2017-11-21 16:38:24.987'), ('394', '1', 'admin', '用户登录', 'com.warrior.base.controller.LoginController.doLogin()', '\"admin\"', '17', '127.0.0.1', '2017-11-21 16:38:30.124'), ('395', '-1', null, '用户登出', 'com.warrior.base.controller.LoginController.logOut()', null, '25', '127.0.0.1', '2017-11-21 16:40:28.688'), ('396', '1', 'admin', '用户登录', 'com.warrior.base.controller.LoginController.doLogin()', '\"admin\"', '19', '127.0.0.1', '2017-11-21 16:40:33.505'), ('397', '-1', null, '用户登出', 'com.warrior.base.controller.LoginController.logOut()', null, '35', '127.0.0.1', '2017-11-21 16:42:13.646'), ('398', '1', 'admin', '用户登录', 'com.warrior.base.controller.LoginController.doLogin()', '\"admin\"', '16', '127.0.0.1', '2017-11-21 16:42:18.229'), ('399', '-1', null, '用户登出', 'com.warrior.base.controller.LoginController.logOut()', null, '28', '127.0.0.1', '2017-11-21 16:45:52.386'), ('400', '1', 'admin', '用户登录', 'com.warrior.base.controller.LoginController.doLogin()', '\"admin\"', '29', '127.0.0.1', '2017-11-21 16:47:23.007'), ('401', '-1', null, '用户登出', 'com.warrior.base.controller.LoginController.logOut()', null, '34', '127.0.0.1', '2017-11-21 16:48:17.526'), ('402', '1', 'admin', '用户登录', 'com.warrior.base.controller.LoginController.doLogin()', '\"admin\"', '84', '127.0.0.1', '2017-11-21 16:48:37.649'), ('403', '-1', null, '用户登出', 'com.warrior.base.controller.LoginController.logOut()', null, '24', '127.0.0.1', '2017-11-21 17:03:16.396'), ('404', '1', 'admin', '用户登录', 'com.warrior.base.controller.LoginController.doLogin()', '\"admin\"', '46', '127.0.0.1', '2017-11-21 17:08:29.669'), ('405', '-1', null, '用户登出', 'com.warrior.base.controller.LoginController.logOut()', null, '18', '127.0.0.1', '2017-11-21 17:09:14.488'), ('406', '1', 'admin', '用户登录', 'com.warrior.base.controller.LoginController.doLogin()', '\"admin\"', '18', '127.0.0.1', '2017-11-21 17:09:18.789'), ('407', '-1', null, '用户登出', 'com.warrior.base.controller.LoginController.logOut()', null, '49', '127.0.0.1', '2017-11-21 17:23:18.413'), ('408', '1', 'admin', '用户登录', 'com.warrior.base.controller.LoginController.doLogin()', '\"admin\"', '32', '127.0.0.1', '2017-11-21 17:23:24.124'), ('409', '-1', null, '用户登出', 'com.warrior.base.controller.LoginController.logOut()', null, '75', '127.0.0.1', '2017-11-21 17:25:32.845'), ('410', '1', 'admin', '用户登录', 'com.warrior.base.controller.LoginController.doLogin()', '\"admin\"', '20', '127.0.0.1', '2017-11-21 17:25:41.273'), ('411', '-1', null, '用户登出', 'com.warrior.base.controller.LoginController.logOut()', null, '581', '127.0.0.1', '2017-11-21 17:28:15.294'), ('412', '1', 'admin', '用户登录', 'com.warrior.base.controller.LoginController.doLogin()', '\"admin\"', '15', '127.0.0.1', '2017-11-21 17:28:22.376'), ('413', '-1', null, '用户登出', 'com.warrior.base.controller.LoginController.logOut()', null, '26', '127.0.0.1', '2017-11-21 17:29:26.127'), ('414', '1', 'admin', '用户登录', 'com.warrior.base.controller.LoginController.doLogin()', '\"admin\"', '44', '127.0.0.1', '2017-11-21 17:48:40.164'), ('415', '-1', null, '用户登出', 'com.warrior.base.controller.LoginController.logOut()', null, '78', '127.0.0.1', '2017-11-21 17:53:09.945'), ('416', '1', 'admin', '用户登录', 'com.warrior.base.controller.LoginController.doLogin()', '\"admin\"', '31', '127.0.0.1', '2017-11-21 17:54:34.367'), ('417', '-1', null, '用户登出', 'com.warrior.base.controller.LoginController.logOut()', null, '58', '127.0.0.1', '2017-11-21 17:56:00.144'), ('418', '1', 'admin', '用户登录', 'com.warrior.base.controller.LoginController.doLogin()', '\"admin\"', '33', '127.0.0.1', '2017-11-21 18:01:51.737'), ('419', '-1', null, '用户登出', 'com.warrior.base.controller.LoginController.logOut()', null, '23', '127.0.0.1', '2017-11-21 18:03:56.617'), ('420', '1', 'admin', '用户登录', 'com.warrior.base.controller.LoginController.doLogin()', '\"admin\"', '16', '127.0.0.1', '2017-11-21 18:04:05.417'), ('421', '-1', null, '用户登出', 'com.warrior.base.controller.LoginController.logOut()', null, '42', '127.0.0.1', '2017-11-21 18:05:27.255'), ('422', '1', 'admin', '用户登录', 'com.warrior.base.controller.LoginController.doLogin()', '\"admin\"', '43', '127.0.0.1', '2017-11-21 18:05:37.868'), ('423', '1', 'admin', '用户登录', 'com.warrior.base.controller.LoginController.doLogin()', '\"admin\"', '59', '127.0.0.1', '2017-11-22 10:01:18.689'), ('424', '-1', null, '用户登出', 'com.warrior.base.controller.LoginController.logOut()', null, '40', '127.0.0.1', '2017-11-22 10:05:29.941'), ('425', '1', 'admin', '用户登录', 'com.warrior.base.controller.LoginController.doLogin()', '\"admin\"', '25', '127.0.0.1', '2017-11-22 10:07:01.044'), ('426', '-1', null, '用户登出', 'com.warrior.base.controller.LoginController.logOut()', null, '28', '127.0.0.1', '2017-11-22 10:08:32.052'), ('427', '1', 'admin', '用户登录', 'com.warrior.base.controller.LoginController.doLogin()', '\"admin\"', '17', '127.0.0.1', '2017-11-22 10:08:36.628'), ('428', '-1', null, '用户登出', 'com.warrior.base.controller.LoginController.logOut()', null, '88', '127.0.0.1', '2017-11-22 10:11:49.272'), ('429', '1', 'admin', '用户登录', 'com.warrior.base.controller.LoginController.doLogin()', '\"admin\"', '13', '127.0.0.1', '2017-11-22 10:11:54.297'), ('430', '-1', null, '用户登出', 'com.warrior.base.controller.LoginController.logOut()', null, '25', '127.0.0.1', '2017-11-22 10:16:22.374'), ('431', '1', 'admin', '用户登录', 'com.warrior.base.controller.LoginController.doLogin()', '\"admin\"', '14', '127.0.0.1', '2017-11-22 10:16:27.157'), ('432', '-1', null, '用户登出', 'com.warrior.base.controller.LoginController.logOut()', null, '39', '127.0.0.1', '2017-11-22 10:17:54.884'), ('433', '1', 'admin', '用户登录', 'com.warrior.base.controller.LoginController.doLogin()', '\"admin\"', '16', '127.0.0.1', '2017-11-22 10:18:02.656'), ('434', '-1', null, '用户登出', 'com.warrior.base.controller.LoginController.logOut()', null, '22', '127.0.0.1', '2017-11-22 10:20:23.199'), ('435', '1', 'admin', '用户登录', 'com.warrior.base.controller.LoginController.doLogin()', '\"admin\"', '91', '127.0.0.1', '2017-11-22 10:20:42.174'), ('436', '-1', null, '用户登出', 'com.warrior.base.controller.LoginController.logOut()', null, '82', '127.0.0.1', '2017-11-22 10:24:22.74'), ('437', '1', 'admin', '用户登录', 'com.warrior.base.controller.LoginController.doLogin()', '\"admin\"', '24', '127.0.0.1', '2017-11-22 10:24:26.909'), ('438', '1', 'admin', '用户登录', 'com.warrior.base.controller.LoginController.doLogin()', '\"admin\"', '48', '127.0.0.1', '2017-11-22 10:33:17.166'), ('439', '1', 'admin', '用户登录', 'com.warrior.base.controller.LoginController.doLogin()', '\"admin\"', '23', '127.0.0.1', '2017-11-22 10:48:58.848'), ('440', '-1', null, '用户登出', 'com.warrior.base.controller.LoginController.logOut()', null, '97', '127.0.0.1', '2017-11-22 10:55:40.637'), ('441', '1', 'admin', '用户登录', 'com.warrior.base.controller.LoginController.doLogin()', '\"admin\"', '33', '127.0.0.1', '2017-11-22 10:55:50.096'), ('442', '-1', null, '用户登出', 'com.warrior.base.controller.LoginController.logOut()', null, '75', '127.0.0.1', '2017-11-22 11:00:21.162'), ('443', '1', 'admin', '用户登录', 'com.warrior.base.controller.LoginController.doLogin()', '\"admin\"', '19', '127.0.0.1', '2017-11-22 11:00:29.21'), ('444', '1', 'admin', '用户登录', 'com.warrior.base.controller.LoginController.doLogin()', '\"admin\"', '57', '127.0.0.1', '2017-11-22 15:23:33.752'), ('445', '1', 'admin', '用户登录', 'com.warrior.base.controller.LoginController.doLogin()', '\"admin\"', '45', '127.0.0.1', '2017-11-22 15:27:54.649'), ('446', '1', 'admin', '用户登录', 'com.warrior.base.controller.LoginController.doLogin()', '\"admin\"', '41', '127.0.0.1', '2017-11-22 15:29:21.897'), ('447', '1', 'admin', '用户登录', 'com.warrior.base.controller.LoginController.doLogin()', '\"admin\"', '39', '127.0.0.1', '2017-11-22 15:30:48.074'), ('448', '-1', null, '用户登录[操作失败]', 'com.warrior.base.controller.LoginController.doLogin()', '\"admin\"', '20', '127.0.0.1', '2017-11-22 18:08:17.902'), ('449', '-1', null, '用户登录[操作失败]', 'com.warrior.base.controller.LoginController.doLogin()', '\"admin\"', '17', '127.0.0.1', '2017-11-22 18:11:55.179'), ('450', '1', 'admin', '用户登录', 'com.warrior.base.controller.LoginController.doLogin()', '\"admin\"', '47', '127.0.0.1', '2017-11-22 18:17:35.623'), ('451', '-1', null, '用户登出', 'com.warrior.base.controller.LoginController.logOut()', null, '23', '127.0.0.1', '2017-11-22 18:17:40.211'), ('452', '1', 'admin', '用户登录', 'com.warrior.base.controller.LoginController.doLogin()', '\"admin\"', '176', '127.0.0.1', '2017-11-23 10:50:54.233'), ('453', '1', 'admin', '用户登录', 'com.warrior.base.controller.LoginController.doLogin()', '\"admin\"', '59', '127.0.0.1', '2017-11-23 10:54:06.952'), ('454', '1', 'admin', '用户登录', 'com.warrior.base.controller.LoginController.doLogin()', '\"admin\"', '72', '127.0.0.1', '2017-11-23 11:20:11.88'), ('455', '1', 'admin', '用户登录', 'com.warrior.base.controller.LoginController.doLogin()', '\"admin\"', '29', '127.0.0.1', '2017-11-23 11:31:11.562'), ('456', '1', 'admin', '用户登录', 'com.warrior.base.controller.LoginController.doLogin()', '\"admin\"', '77', '127.0.0.1', '2017-11-23 11:45:03.356'), ('457', '1', 'admin', '用户登录', 'com.warrior.base.controller.LoginController.doLogin()', '\"admin\"', '45', '127.0.0.1', '2017-11-23 11:48:12.546'), ('458', '1', 'admin', '用户登录', 'com.warrior.base.controller.LoginController.doLogin()', '\"admin\"', '54', '127.0.0.1', '2017-11-23 11:53:21.718'), ('459', '1', 'admin', '用户登录', 'com.warrior.base.controller.LoginController.doLogin()', 'admin', '44', '127.0.0.1', '2017-11-23 11:57:42.185'), ('460', '-1', null, '上传附件', 'com.warrior.attachment.controller.AttachmentController.uploadAttachment()', 'org.springframework.web.multipart.support.DefaultMultipartHttpServletRequest@2cb3b395', '22', '127.0.0.1', '2017-11-23 11:57:50.587'), ('461', '1', 'admin', '用户登录', 'com.warrior.base.controller.LoginController.doLogin()', 'admin', '109', '127.0.0.1', '2017-11-23 14:49:34.041'), ('462', '1', 'admin', '用户登录', 'com.warrior.base.controller.LoginController.doLogin()', 'admin', '39', '127.0.0.1', '2017-11-23 14:52:14.02'), ('463', '-1', null, '上传附件', 'com.warrior.attachment.controller.AttachmentController.uploadAttachment()', 'org.springframework.web.multipart.support.DefaultMultipartHttpServletRequest@36c31455', '99', '127.0.0.1', '2017-11-23 14:52:41.105'), ('464', '1', 'admin', '用户登录', 'com.warrior.base.controller.LoginController.doLogin()', 'admin', '45', '127.0.0.1', '2017-11-23 14:57:48.228'), ('465', '-1', null, '修改用户信息', 'com.warrior.base.controller.UserController.updateCurrent()', 'com.warrior.base.entity.User@32ffadd1', '16', '127.0.0.1', '2017-11-23 14:57:57.057'), ('466', '1', 'admin', '用户登录', 'com.warrior.base.controller.LoginController.doLogin()', 'admin', '48', '127.0.0.1', '2017-11-23 15:01:31.464'), ('467', '-1', null, '修改用户信息', 'com.warrior.base.controller.UserController.updateCurrent()', 'com.warrior.base.entity.User@7ecf071a', '24', '127.0.0.1', '2017-11-23 15:01:40.051'), ('468', '-1', null, '用户登录[操作失败]', 'com.warrior.base.controller.LoginController.doLogin()', 'admin', '34', '127.0.0.1', '2017-11-23 15:04:06.378'), ('469', '1', 'admin', '用户登录', 'com.warrior.base.controller.LoginController.doLogin()', 'admin', '547', '127.0.0.1', '2017-11-23 15:04:12.205'), ('470', '-1', null, '修改用户信息', 'com.warrior.base.controller.UserController.updateCurrent()', 'com.warrior.base.entity.User@255c0f8d', '16', '127.0.0.1', '2017-11-23 15:04:36.253'), ('471', '1', 'admin', '用户登录', 'com.warrior.base.controller.LoginController.doLogin()', 'admin', '2518', '127.0.0.1', '2017-11-23 15:15:39.353'), ('472', '-1', null, '修改用户信息', 'com.warrior.base.controller.UserController.updateCurrent()', 'com.warrior.base.entity.User@4f3495be', '261', '127.0.0.1', '2017-11-23 15:16:01.666'), ('473', '1', 'admin', '用户登录', 'com.warrior.base.controller.LoginController.doLogin()', 'admin', '100', '127.0.0.1', '2017-11-23 15:18:09.947'), ('474', '-1', null, '修改用户头像', 'com.warrior.base.controller.UserController.updateHeadImage()', 'org.springframework.web.multipart.support.DefaultMultipartHttpServletRequest@2bbcf287', '109', '127.0.0.1', '2017-11-23 15:18:21.34'), ('475', '1', 'admin', '用户登录', 'com.warrior.base.controller.LoginController.doLogin()', 'admin', '64', '127.0.0.1', '2017-11-23 15:25:12.932'), ('476', '1', 'admin', '用户登录', 'com.warrior.base.controller.LoginController.doLogin()', 'admin', '51', '127.0.0.1', '2017-11-23 15:29:28.566'), ('477', '-1', null, '修改用户头像', 'com.warrior.base.controller.UserController.updateHeadImage()', 'org.springframework.web.multipart.support.DefaultMultipartHttpServletRequest@29ec4ace', '67', '127.0.0.1', '2017-11-23 15:42:04.106'), ('478', '-1', null, '修改用户头像', 'com.warrior.base.controller.UserController.updateHeadImage()', 'org.springframework.web.multipart.support.DefaultMultipartHttpServletRequest@18e5f55b', '31', '127.0.0.1', '2017-11-23 15:42:58.193'), ('479', '1', 'admin', '用户登录', 'com.warrior.base.controller.LoginController.doLogin()', 'admin', '42', '127.0.0.1', '2017-11-23 15:56:02.403'), ('480', '-1', null, '修改用户头像', 'com.warrior.base.controller.UserController.updateHeadImage()', 'org.springframework.web.multipart.support.DefaultMultipartHttpServletRequest@11408ab1', '48', '127.0.0.1', '2017-11-23 15:56:14.945'), ('481', '1', 'admin', '用户登录', 'com.warrior.base.controller.LoginController.doLogin()', 'admin', '38', '127.0.0.1', '2017-11-23 15:58:22.621'), ('482', '-1', null, '修改用户头像', 'com.warrior.base.controller.UserController.updateHeadImage()', 'org.springframework.web.multipart.support.DefaultMultipartHttpServletRequest@53d9bb5a', '66', '127.0.0.1', '2017-11-23 15:58:42.826'), ('483', '-1', null, '修改用户头像', 'com.warrior.base.controller.UserController.updateHeadImage()', 'org.springframework.web.multipart.support.DefaultMultipartHttpServletRequest@520455c6', '66', '127.0.0.1', '2017-11-23 15:59:54.268'), ('484', '-1', null, '修改用户头像', 'com.warrior.base.controller.UserController.updateHeadImage()', 'org.springframework.web.multipart.support.DefaultMultipartHttpServletRequest@41282965', '44', '127.0.0.1', '2017-11-23 16:03:19.379'), ('485', '1', 'admin', '用户登录', 'com.warrior.base.controller.LoginController.doLogin()', 'admin', '53', '127.0.0.1', '2017-11-23 16:09:40.019'), ('486', '1', 'admin', '用户登录', 'com.warrior.base.controller.LoginController.doLogin()', 'admin', '42', '127.0.0.1', '2017-11-23 16:13:17.502'), ('487', '-1', null, '修改用户头像', 'com.warrior.base.controller.UserController.updateHeadImage()', 'org.springframework.web.multipart.support.DefaultMultipartHttpServletRequest@2fb656e7', '78', '127.0.0.1', '2017-11-23 16:16:16.18'), ('488', '-1', null, '用户登出', 'com.warrior.base.controller.LoginController.logOut()', null, '40', '127.0.0.1', '2017-11-23 16:16:30.342'), ('489', '1', 'admin', '用户登录', 'com.warrior.base.controller.LoginController.doLogin()', 'admin', '17', '127.0.0.1', '2017-11-23 16:16:34.659'), ('490', '-1', null, '用户登出', 'com.warrior.base.controller.LoginController.logOut()', null, '43', '127.0.0.1', '2017-11-23 16:21:17.375'), ('491', '1', 'admin', '用户登录', 'com.warrior.base.controller.LoginController.doLogin()', 'admin', '14', '127.0.0.1', '2017-11-23 16:21:21.955'), ('492', '-1', null, '用户登出', 'com.warrior.base.controller.LoginController.logOut()', null, '11', '127.0.0.1', '2017-11-23 16:22:10.91'), ('493', '1', 'admin', '用户登录', 'com.warrior.base.controller.LoginController.doLogin()', 'admin', '46', '127.0.0.1', '2017-11-23 16:22:25.197'), ('494', '-1', null, '用户登出', 'com.warrior.base.controller.LoginController.logOut()', null, '27', '127.0.0.1', '2017-11-23 16:28:09.054'), ('495', '1', 'admin', '用户登录', 'com.warrior.base.controller.LoginController.doLogin()', 'admin', '16', '127.0.0.1', '2017-11-23 16:28:13.041'), ('496', '-1', null, '修改密码', 'com.warrior.base.controller.UserController.updatePassWord()', '123456', '30', '127.0.0.1', '2017-11-23 16:28:40.856'), ('497', '-1', null, '用户登出', 'com.warrior.base.controller.LoginController.logOut()', null, '11', '127.0.0.1', '2017-11-23 16:28:44.54'), ('498', '1', 'admin', '用户登录', 'com.warrior.base.controller.LoginController.doLogin()', 'admin', '18', '127.0.0.1', '2017-11-23 16:28:49.16'), ('499', '-1', null, '用户登出', 'com.warrior.base.controller.LoginController.logOut()', null, '28', '127.0.0.1', '2017-11-23 16:29:19.274'), ('500', '-1', null, '用户登录[操作失败]', 'com.warrior.base.controller.LoginController.doLogin()', 'admin', '0', '127.0.0.1', '2017-11-23 16:29:23.625'), ('501', '1', 'admin', '用户登录', 'com.warrior.base.controller.LoginController.doLogin()', 'admin', '56', '127.0.0.1', '2017-11-23 16:29:29.863'), ('502', '-1', null, '用户登录[操作失败]', 'com.warrior.base.controller.LoginController.doLogin()', 'admin', '22', '127.0.0.1', '2017-11-23 16:37:10.641'), ('503', '1', 'admin', '用户登录', 'com.warrior.base.controller.LoginController.doLogin()', 'admin', '75', '127.0.0.1', '2017-11-23 16:37:14.053'), ('504', '-1', null, '修改密码', 'com.warrior.base.controller.UserController.updatePassWord()', '123456789', '17', '127.0.0.1', '2017-11-23 16:39:35.025'), ('505', '1', 'admin', '用户登录', 'com.warrior.base.controller.LoginController.doLogin()', 'admin', '69', '127.0.0.1', '2017-11-23 16:47:35.832'), ('506', '1', 'admin', '用户登录', 'com.warrior.base.controller.LoginController.doLogin()', 'admin', '50', '127.0.0.1', '2017-11-23 17:10:06.768'), ('507', '-1', null, '修改用户头像', 'com.warrior.base.controller.UserController.updateHeadImage()', 'org.springframework.web.multipart.support.DefaultMultipartHttpServletRequest@78086dc3', '572', '127.0.0.1', '2017-11-23 17:10:19.049'), ('508', '1', 'admin', '用户登录', 'com.warrior.base.controller.LoginController.doLogin()', 'admin', '44', '127.0.0.1', '2017-11-23 17:49:20.255'), ('509', '-1', null, '修改用户头像', 'com.warrior.base.controller.UserController.updateHeadImage()', 'org.springframework.web.multipart.support.DefaultMultipartHttpServletRequest@76d976ba', '35', '127.0.0.1', '2017-11-23 17:49:29.68'), ('510', '1', 'admin', '用户登录', 'com.warrior.base.controller.LoginController.doLogin()', 'admin', '29', '127.0.0.1', '2017-11-23 17:56:49.099'), ('511', '-1', null, '用户登出', 'com.warrior.base.controller.LoginController.logOut()', null, '151', '127.0.0.1', '2017-11-23 18:10:48.402'), ('512', '1', 'admin', '用户登录', 'com.warrior.base.controller.LoginController.doLogin()', 'admin', '37', '127.0.0.1', '2017-11-23 18:11:10.438'), ('513', '-1', null, '用户登出', 'com.warrior.base.controller.LoginController.logOut()', null, '45', '127.0.0.1', '2017-11-23 18:11:20.919'), ('514', '1', 'admin', '用户登录', 'com.warrior.base.controller.LoginController.doLogin()', 'admin', '19', '127.0.0.1', '2017-11-23 18:11:26.199'), ('515', '-1', null, '用户登出', 'com.warrior.base.controller.LoginController.logOut()', null, '24', '127.0.0.1', '2017-11-23 18:11:38.377'), ('516', '1', 'admin', '用户登录', 'com.warrior.base.controller.LoginController.doLogin()', 'admin', '51', '127.0.0.1', '2017-11-23 18:12:14.544'), ('517', '-1', null, '用户登出', 'com.warrior.base.controller.LoginController.logOut()', null, '19', '127.0.0.1', '2017-11-23 18:13:11.143'), ('518', '1', 'admin', '用户登录', 'com.warrior.base.controller.LoginController.doLogin()', 'admin', '20', '127.0.0.1', '2017-11-23 18:13:15.877'), ('519', '-1', null, '用户登录', 'com.warrior.base.controller.LoginController.doLogin()', 'admin', '12', '127.0.0.1', '2017-11-23 18:13:21.367'), ('520', '-1', null, '用户登出', 'com.warrior.base.controller.LoginController.logOut()', null, '21', '127.0.0.1', '2017-11-23 18:13:48.021'), ('521', '1', 'admin', '用户登录', 'com.warrior.base.controller.LoginController.doLogin()', 'admin', '17', '127.0.0.1', '2017-11-23 18:13:52.334'), ('522', '1', 'admin', '用户登录', 'com.warrior.base.controller.LoginController.doLogin()', 'admin', '67', '127.0.0.1', '2017-11-24 10:16:39.322'), ('523', '-1', null, '修改用户', 'com.warrior.base.controller.UserController.modifiedUser()', 'com.warrior.base.entity.User@602f424c', '28', '127.0.0.1', '2017-11-24 10:31:08.602'), ('524', '-1', null, '修改用户', 'com.warrior.base.controller.UserController.modifiedUser()', 'com.warrior.base.entity.User@74c8fce4', '38', '127.0.0.1', '2017-11-24 10:32:08.172'), ('525', '1', 'admin', '用户登录', 'com.warrior.base.controller.LoginController.doLogin()', 'admin', '33', '127.0.0.1', '2017-11-24 10:43:49.878'), ('526', '-1', null, '修改用户', 'com.warrior.base.controller.UserController.modifiedUser()', 'com.warrior.base.entity.User@2c530fc4', '22', '127.0.0.1', '2017-11-24 10:44:06.026'), ('527', '1', 'admin', '用户登录', 'com.warrior.base.controller.LoginController.doLogin()', 'admin', '13', '127.0.0.1', '2017-11-24 10:53:58.903'), ('528', '1', 'admin', '用户登录', 'com.warrior.base.controller.LoginController.doLogin()', 'admin', '53', '127.0.0.1', '2017-11-24 10:56:43.525'), ('529', '1', 'admin', '用户登录', 'com.warrior.base.controller.LoginController.doLogin()', 'admin', '78', '127.0.0.1', '2017-11-24 10:58:04.575'), ('530', '1', 'admin', '用户登录', 'com.warrior.base.controller.LoginController.doLogin()', 'admin', '23', '127.0.0.1', '2017-11-24 11:09:23.725'), ('531', '1', 'admin', '用户登录', 'com.warrior.base.controller.LoginController.doLogin()', 'admin', '16', '127.0.0.1', '2017-11-24 11:15:01.279'), ('532', '-1', null, '删除用户', 'com.warrior.base.controller.UserController.delUser()', '3', '55', '127.0.0.1', '2017-11-24 11:15:14.19'), ('533', '1', 'admin', '用户登录', 'com.warrior.base.controller.LoginController.doLogin()', 'admin', '22', '127.0.0.1', '2017-11-24 11:31:03.067'), ('534', '1', 'admin', '用户登录', 'com.warrior.base.controller.LoginController.doLogin()', 'admin', '19', '127.0.0.1', '2017-11-24 11:51:06.975'), ('535', '1', 'admin', '用户登录', 'com.warrior.base.controller.LoginController.doLogin()', 'admin', '38', '127.0.0.1', '2017-11-24 11:57:07.536'), ('536', '1', 'admin', '用户登录', 'com.warrior.base.controller.LoginController.doLogin()', 'admin', '76', '127.0.0.1', '2017-11-24 14:52:58.091'), ('537', '1', 'admin', '用户登录', 'com.warrior.base.controller.LoginController.doLogin()', 'admin', '36', '127.0.0.1', '2017-11-24 14:59:08.06'), ('538', '1', 'admin', '用户登录', 'com.warrior.base.controller.LoginController.doLogin()', 'admin', '49', '127.0.0.1', '2017-11-24 16:02:23.833'), ('539', '-1', null, '新增待办事项信息', 'com.warrior.base.controller.NotesController.addNotes()', 'Test', '101', '127.0.0.1', '2017-11-24 16:08:42.825'), ('540', '1', 'admin', '用户登录', 'com.warrior.base.controller.LoginController.doLogin()', 'admin', '40', '127.0.0.1', '2017-11-24 16:14:07.11'), ('541', '1', 'admin', '用户登录', 'com.warrior.base.controller.LoginController.doLogin()', 'admin', '15', '127.0.0.1', '2017-11-24 16:21:28.813'), ('542', '1', 'admin', '用户登录', 'com.warrior.base.controller.LoginController.doLogin()', 'admin', '38', '127.0.0.1', '2017-11-24 16:36:46.79'), ('543', '1', 'admin', '用户登录', 'com.warrior.base.controller.LoginController.doLogin()', 'admin', '37', '127.0.0.1', '2017-11-24 16:42:35.171'), ('544', '1', 'admin', '用户登录', 'com.warrior.base.controller.LoginController.doLogin()', 'admin', '17', '127.0.0.1', '2017-11-24 16:55:59.258');
INSERT INTO `sys_log` VALUES ('545', '1', 'admin', '用户登录', 'com.warrior.base.controller.LoginController.doLogin()', 'admin', '17', '127.0.0.1', '2017-11-24 17:09:07.584'), ('546', '-1', null, '删除待办事项信息', 'com.warrior.base.controller.NotesController.delNotes()', '1', '75', '127.0.0.1', '2017-11-24 17:09:16.994'), ('547', '-1', null, '新增待办事项信息', 'com.warrior.base.controller.NotesController.addNotes()', '测试！！！！', '52', '127.0.0.1', '2017-11-24 17:11:16.636'), ('548', '-1', null, '删除待办事项信息', 'com.warrior.base.controller.NotesController.delNotes()', '2', '30', '127.0.0.1', '2017-11-24 17:11:23.342'), ('549', '-1', null, '新增待办事项信息', 'com.warrior.base.controller.NotesController.addNotes()', '测试二！！', '24', '127.0.0.1', '2017-11-24 17:11:37.701'), ('550', '1', 'admin', '用户登录', 'com.warrior.base.controller.LoginController.doLogin()', 'admin', '176', '127.0.0.1', '2017-11-24 17:24:59.466'), ('551', '-1', null, '修改待办事项状态', 'com.warrior.base.controller.NotesController.modifiedNotes()', '3', '45', '127.0.0.1', '2017-11-24 17:36:46.504'), ('552', '-1', null, '修改待办事项状态', 'com.warrior.base.controller.NotesController.modifiedNotes()', '3', '45', '127.0.0.1', '2017-11-24 17:38:51.448'), ('553', '1', 'admin', '用户登录', 'com.warrior.base.controller.LoginController.doLogin()', 'admin', '66', '127.0.0.1', '2017-11-24 17:42:22.291'), ('554', '-1', null, '修改待办事项状态', 'com.warrior.base.controller.NotesController.modifiedNotes()', '3', '43', '127.0.0.1', '2017-11-24 17:42:49.087'), ('555', '1', 'admin', '用户登录', 'com.warrior.base.controller.LoginController.doLogin()', 'admin', '148', '127.0.0.1', '2017-11-24 17:45:42.978'), ('556', '-1', null, '修改待办事项状态', 'com.warrior.base.controller.NotesController.modifiedNotes()', '3', '55', '127.0.0.1', '2017-11-24 17:45:56.044'), ('557', '-1', null, '修改待办事项状态', 'com.warrior.base.controller.NotesController.modifiedNotes()', '3', '62', '127.0.0.1', '2017-11-24 17:47:07.471'), ('558', '-1', null, '修改待办事项状态', 'com.warrior.base.controller.NotesController.modifiedNotes()', '3', '46', '127.0.0.1', '2017-11-24 17:47:12.407'), ('559', '-1', null, '修改待办事项状态', 'com.warrior.base.controller.NotesController.modifiedNotes()', '3', '41', '127.0.0.1', '2017-11-24 17:47:15.108'), ('560', '-1', null, '修改待办事项状态', 'com.warrior.base.controller.NotesController.modifiedNotes()', '3', '89', '127.0.0.1', '2017-11-24 17:51:03.284'), ('561', '-1', null, '修改待办事项状态', 'com.warrior.base.controller.NotesController.modifiedNotes()', '3', '55', '127.0.0.1', '2017-11-24 17:52:19.12'), ('562', '-1', null, '修改待办事项状态', 'com.warrior.base.controller.NotesController.modifiedNotes()', '3', '61', '127.0.0.1', '2017-11-24 17:52:40.372'), ('563', '1', 'admin', '用户登录', 'com.warrior.base.controller.LoginController.doLogin()', 'admin', '40', '127.0.0.1', '2017-11-24 17:55:04.658'), ('564', '-1', null, '新增待办事项信息', 'com.warrior.base.controller.NotesController.addNotes()', 'Test2', '27', '127.0.0.1', '2017-11-24 17:56:08.342'), ('565', '-1', null, '新增待办事项信息', 'com.warrior.base.controller.NotesController.addNotes()', 'Test4', '22', '127.0.0.1', '2017-11-24 17:58:02.975'), ('566', '-1', null, '新增待办事项信息', 'com.warrior.base.controller.NotesController.addNotes()', 'Test3', '20', '127.0.0.1', '2017-11-24 17:58:18.563'), ('567', '-1', null, '新增待办事项信息', 'com.warrior.base.controller.NotesController.addNotes()', 'asdfasfas', '26', '127.0.0.1', '2017-11-24 17:58:46.65'), ('568', '-1', null, '删除待办事项信息', 'com.warrior.base.controller.NotesController.delNotes()', '7', '27', '127.0.0.1', '2017-11-24 17:58:58.859'), ('569', '-1', null, '新增待办事项信息', 'com.warrior.base.controller.NotesController.addNotes()', '111111', '7', '127.0.0.1', '2017-11-24 18:00:03.177'), ('570', '-1', null, '删除待办事项信息', 'com.warrior.base.controller.NotesController.delNotes()', '8', '82', '127.0.0.1', '2017-11-24 18:01:10.104'), ('571', '-1', null, '新增待办事项信息', 'com.warrior.base.controller.NotesController.addNotes()', 'sdf', '37', '127.0.0.1', '2017-11-24 18:01:34.071'), ('572', '-1', null, '删除待办事项信息', 'com.warrior.base.controller.NotesController.delNotes()', '4', '79', '127.0.0.1', '2017-11-24 18:02:35.975'), ('573', '-1', null, '删除待办事项信息', 'com.warrior.base.controller.NotesController.delNotes()', '9', '10', '127.0.0.1', '2017-11-24 18:02:42.811'), ('574', '-1', null, '删除待办事项信息', 'com.warrior.base.controller.NotesController.delNotes()', '6', '16', '127.0.0.1', '2017-11-24 18:02:49.095'), ('575', '-1', null, '删除待办事项信息', 'com.warrior.base.controller.NotesController.delNotes()', '5', '11', '127.0.0.1', '2017-11-24 18:02:52.822'), ('576', '-1', null, '新增待办事项信息', 'com.warrior.base.controller.NotesController.addNotes()', 'aaa', '45', '127.0.0.1', '2017-11-24 18:05:54.213'), ('577', '-1', null, '新增待办事项信息', 'com.warrior.base.controller.NotesController.addNotes()', 'bbb', '7', '127.0.0.1', '2017-11-24 18:07:03.756'), ('578', '-1', null, '删除待办事项信息', 'com.warrior.base.controller.NotesController.delNotes()', '11', '23', '127.0.0.1', '2017-11-24 18:13:04.133'), ('579', '-1', null, '新增待办事项信息', 'com.warrior.base.controller.NotesController.addNotes()', 'bcc', '7', '127.0.0.1', '2017-11-24 18:13:11.491'), ('580', '-1', null, '修改待办事项状态[操作失败]', 'com.warrior.base.controller.NotesController.modifiedNotes()', '0', '9', '127.0.0.1', '2017-11-24 18:14:01.833'), ('581', '-1', null, '修改待办事项状态', 'com.warrior.base.controller.NotesController.modifiedNotes()', '10', '44', '127.0.0.1', '2017-11-24 18:14:53.079'), ('582', '-1', null, '修改待办事项状态', 'com.warrior.base.controller.NotesController.modifiedNotes()', '10', '14', '127.0.0.1', '2017-11-24 18:14:55.51'), ('583', '-1', null, '修改待办事项状态', 'com.warrior.base.controller.NotesController.modifiedNotes()', '10', '14', '127.0.0.1', '2017-11-24 18:14:56.376'), ('584', '-1', null, '修改待办事项状态', 'com.warrior.base.controller.NotesController.modifiedNotes()', '10', '71', '127.0.0.1', '2017-11-24 18:16:10.016'), ('585', '-1', null, '修改待办事项状态', 'com.warrior.base.controller.NotesController.modifiedNotes()', '10', '49', '127.0.0.1', '2017-11-24 18:16:24.526'), ('586', '-1', null, '修改待办事项状态', 'com.warrior.base.controller.NotesController.modifiedNotes()', '10', '18', '127.0.0.1', '2017-11-24 18:16:27.01'), ('587', '-1', null, '修改待办事项状态', 'com.warrior.base.controller.NotesController.modifiedNotes()', '10', '25', '127.0.0.1', '2017-11-24 18:18:28.86'), ('588', '-1', null, '修改待办事项状态', 'com.warrior.base.controller.NotesController.modifiedNotes()', '10', '12', '127.0.0.1', '2017-11-24 18:18:30.416'), ('589', '-1', null, '修改待办事项状态', 'com.warrior.base.controller.NotesController.modifiedNotes()', '12', '21', '127.0.0.1', '2017-11-24 18:18:31.731'), ('590', '-1', null, '修改待办事项状态', 'com.warrior.base.controller.NotesController.modifiedNotes()', '12', '10', '127.0.0.1', '2017-11-24 18:18:32.799'), ('591', '-1', null, '修改待办事项状态', 'com.warrior.base.controller.NotesController.modifiedNotes()', '10', '9', '127.0.0.1', '2017-11-24 18:18:34.23'), ('592', '-1', null, '删除待办事项信息', 'com.warrior.base.controller.NotesController.delNotes()', '10', '13', '127.0.0.1', '2017-11-24 18:18:38.079'), ('593', '1', 'admin', '用户登录', 'com.warrior.base.controller.LoginController.doLogin()', 'admin', '80', '127.0.0.1', '2017-11-25 09:31:34.485'), ('594', '-1', null, '新增待办事项信息', 'com.warrior.base.controller.NotesController.addNotes()', 'aaa', '35', '127.0.0.1', '2017-11-25 09:32:11.086'), ('595', '-1', null, '删除待办事项信息', 'com.warrior.base.controller.NotesController.delNotes()', '12', '31', '127.0.0.1', '2017-11-25 09:33:38.393'), ('596', '-1', null, '修改待办事项状态', 'com.warrior.base.controller.NotesController.modifiedNotes()', '13', '64', '127.0.0.1', '2017-11-25 09:43:48.041'), ('597', '-1', null, '修改待办事项状态', 'com.warrior.base.controller.NotesController.modifiedNotes()', '13', '16', '127.0.0.1', '2017-11-25 09:43:51.306'), ('598', '1', 'admin', '用户登录', 'com.warrior.base.controller.LoginController.doLogin()', 'admin', '183', '127.0.0.1', '2017-11-25 10:20:14.431'), ('599', '1', 'admin', '用户登录', 'com.warrior.base.controller.LoginController.doLogin()', 'admin', '48', '127.0.0.1', '2017-11-25 15:59:33.546'), ('600', '1', 'admin', '用户登录', 'com.warrior.base.controller.LoginController.doLogin()', 'admin', '40', '127.0.0.1', '2017-11-25 16:52:46.523'), ('601', '1', 'admin', '用户登录', 'com.warrior.base.controller.LoginController.doLogin()', 'admin', '148', '127.0.0.1', '2017-11-25 17:10:52.734'), ('602', '1', 'admin', '用户登录', 'com.warrior.base.controller.LoginController.doLogin()', 'admin', '37', '127.0.0.1', '2017-11-25 17:14:03.501'), ('603', '1', 'admin', '用户登录', 'com.warrior.base.controller.LoginController.doLogin()', 'admin', '53', '127.0.0.1', '2017-11-25 17:17:04.561'), ('604', '1', 'admin', '用户登录', 'com.warrior.base.controller.LoginController.doLogin()', 'admin', '53', '127.0.0.1', '2017-11-25 17:21:57.938'), ('605', '-1', null, '用户登录[操作失败]', 'com.warrior.base.controller.LoginController.doLogin()', 'admin', '23', '127.0.0.1', '2017-11-25 18:00:47.36'), ('606', '1', 'admin', '用户登录', 'com.warrior.base.controller.LoginController.doLogin()', 'admin', '36', '127.0.0.1', '2017-11-25 18:03:32.4'), ('607', '-1', null, '用户登录[操作失败]', 'com.warrior.base.controller.LoginController.doLogin()', 'admin', '1', '127.0.0.1', '2017-11-25 18:03:58.366'), ('608', '1', 'admin', '用户登录', 'com.warrior.base.controller.LoginController.doLogin()', 'admin', '101', '127.0.0.1', '2017-11-25 18:08:31.333'), ('609', '-1', null, '用户登录[操作失败]', 'com.warrior.base.controller.LoginController.doLogin()', 'admin', '0', '127.0.0.1', '2017-11-25 18:08:58.342'), ('610', '1', 'admin', '用户登录', 'com.warrior.base.controller.LoginController.doLogin()', 'admin', '41', '127.0.0.1', '2017-11-25 18:14:31.145'), ('611', '-1', null, '用户登录[操作失败]', 'com.warrior.base.controller.LoginController.doLogin()', 'admin', '1', '127.0.0.1', '2017-11-25 18:14:45.034'), ('612', '-1', null, '用户登录[操作失败]', 'com.warrior.base.controller.LoginController.doLogin()', 'admin', '26', '127.0.0.1', '2017-11-27 09:30:49.758'), ('613', '1', 'admin', '用户登录', 'com.warrior.base.controller.LoginController.doLogin()', 'admin', '35', '127.0.0.1', '2017-11-27 09:30:54.514'), ('614', '-1', null, '用户登录[操作失败]', 'com.warrior.base.controller.LoginController.doLogin()', 'admin', '1', '127.0.0.1', '2017-11-27 09:31:29.844'), ('615', '1', 'admin', '用户登录', 'com.warrior.base.controller.LoginController.doLogin()', 'admin', '95', '127.0.0.1', '2017-11-27 09:39:20.608'), ('616', '1', 'admin', '用户登录', 'com.warrior.base.controller.LoginController.doLogin()', 'admin', '37', '127.0.0.1', '2017-11-27 09:44:38.883'), ('617', '-1', null, '用户登录[操作失败]', 'com.warrior.base.controller.LoginController.doLogin()', 'admin', '0', '127.0.0.1', '2017-11-27 09:44:51.082'), ('618', '1', 'admin', '用户登录', 'com.warrior.base.controller.LoginController.doLogin()', 'admin', '57', '127.0.0.1', '2017-11-27 09:49:04.372'), ('619', '-1', null, '用户登录[操作失败]', 'com.warrior.base.controller.LoginController.doLogin()', 'admin', '0', '127.0.0.1', '2017-11-27 09:49:16.846'), ('620', '1', 'admin', '用户登录', 'com.warrior.base.controller.LoginController.doLogin()', 'admin', '68', '127.0.0.1', '2017-11-27 10:02:41.701'), ('621', '1', 'admin', '用户登录', 'com.warrior.base.controller.LoginController.doLogin()', 'admin', '46', '127.0.0.1', '2017-11-27 10:06:51.99'), ('622', '-1', null, '用户登录[操作失败]', 'com.warrior.base.controller.LoginController.doLogin()', 'admin', '0', '127.0.0.1', '2017-11-27 10:06:59.426'), ('623', '1', 'admin', '用户登录', 'com.warrior.base.controller.LoginController.doLogin()', 'admin', '48', '127.0.0.1', '2017-11-27 10:27:51.938'), ('624', '-1', null, '用户登录[操作失败]', 'com.warrior.base.controller.LoginController.doLogin()', 'admin', '0', '127.0.0.1', '2017-11-27 10:27:58.331'), ('625', '1', 'admin', '用户登录', 'com.warrior.base.controller.LoginController.doLogin()', 'admin', '40', '127.0.0.1', '2017-11-27 10:45:08.819'), ('626', '-1', null, '用户登录[操作失败]', 'com.warrior.base.controller.LoginController.doLogin()', 'admin', '0', '127.0.0.1', '2017-11-27 10:45:16.073'), ('627', '1', 'admin', '用户登录', 'com.warrior.base.controller.LoginController.doLogin()', 'admin', '39', '127.0.0.1', '2017-11-27 10:50:14.802'), ('628', '-1', null, '用户登录[操作失败]', 'com.warrior.base.controller.LoginController.doLogin()', 'admin', '0', '127.0.0.1', '2017-11-27 10:50:48.892'), ('629', '1', 'admin', '用户登录', 'com.warrior.base.controller.LoginController.doLogin()', 'admin', '65', '127.0.0.1', '2017-11-27 10:56:00.722'), ('630', '-1', null, '用户登出', 'com.warrior.base.controller.LoginController.logOut()', null, '1', '127.0.0.1', '2017-11-27 10:56:23.687'), ('631', '1', 'admin', '用户登录', 'com.warrior.base.controller.LoginController.doLogin()', 'admin', '21', '127.0.0.1', '2017-11-27 10:56:31.507'), ('632', '-1', null, '用户登录[操作失败]', 'com.warrior.base.controller.LoginController.doLogin()', 'admin', '0', '127.0.0.1', '2017-11-27 10:56:44.628'), ('633', '1', 'admin', '用户登录', 'com.warrior.base.controller.LoginController.doLogin()', 'admin', '36', '127.0.0.1', '2017-11-27 11:04:38.878'), ('634', '-1', null, '用户登录[操作失败]', 'com.warrior.base.controller.LoginController.doLogin()', 'admin', '0', '127.0.0.1', '2017-11-27 11:04:44.384'), ('635', '-1', null, '用户登录[操作失败]', 'com.warrior.base.controller.LoginController.doLogin()', 'admin', '23', '127.0.0.1', '2017-11-27 14:46:14.616'), ('636', '-1', null, '用户登录[操作失败]', 'com.warrior.base.controller.LoginController.doLogin()', 'admin', '0', '127.0.0.1', '2017-11-27 14:46:22.573'), ('637', '-1', null, '用户登录[操作失败]', 'com.warrior.base.controller.LoginController.doLogin()', 'admin', '0', '127.0.0.1', '2017-11-27 14:46:26.379'), ('638', '-1', null, '用户登录[操作失败]', 'com.warrior.base.controller.LoginController.doLogin()', 'admin', '0', '127.0.0.1', '2017-11-27 14:46:29.622'), ('639', '-1', null, '用户登录[操作失败]', 'com.warrior.base.controller.LoginController.doLogin()', 'admin', '0', '127.0.0.1', '2017-11-27 14:46:32.609'), ('640', '-1', null, '用户登录[操作失败]', 'com.warrior.base.controller.LoginController.doLogin()', 'admin', '0', '127.0.0.1', '2017-11-27 14:46:35.737'), ('641', '-1', null, '用户登录[操作失败]', 'com.warrior.base.controller.LoginController.doLogin()', 'admin', '0', '127.0.0.1', '2017-11-27 14:46:39.504'), ('642', '1', 'admin', '用户登录', 'com.warrior.base.controller.LoginController.doLogin()', 'admin', '136', '127.0.0.1', '2017-11-27 14:47:30.716'), ('643', '1', 'admin', '用户登录', 'com.warrior.base.controller.LoginController.doLogin()', 'admin', '49', '127.0.0.1', '2017-11-27 14:47:58.458'), ('644', '1', 'admin', '用户登录', 'com.warrior.base.controller.LoginController.doLogin()', 'admin', '53', '127.0.0.1', '2017-11-27 15:07:48.183'), ('645', '1', 'admin', '用户登录', 'com.warrior.base.controller.LoginController.doLogin()', 'admin', '29', '127.0.0.1', '2017-11-27 15:12:36.251'), ('646', '1', 'admin', '用户登录', 'com.warrior.base.controller.LoginController.doLogin()', 'admin', '58', '127.0.0.1', '2017-11-27 15:16:40.244'), ('647', '1', 'admin', '用户登录', 'com.warrior.base.controller.LoginController.doLogin()', 'admin', '23', '127.0.0.1', '2017-11-27 15:17:00.818'), ('648', '-1', null, '用户登出', 'com.warrior.base.controller.LoginController.logOut()', null, '68', '127.0.0.1', '2017-11-27 15:18:42.563'), ('649', '1', 'admin', '用户登录', 'com.warrior.base.controller.LoginController.doLogin()', 'admin', '43', '127.0.0.1', '2017-11-27 15:18:58.602'), ('650', '1', 'admin', '用户登录', 'com.warrior.base.controller.LoginController.doLogin()', 'admin', '13', '127.0.0.1', '2017-11-27 15:19:09.607'), ('651', '-1', null, '用户登出', 'com.warrior.base.controller.LoginController.logOut()', null, '55', '127.0.0.1', '2017-11-27 15:20:45.43'), ('652', '1', 'admin', '用户登录', 'com.warrior.base.controller.LoginController.doLogin()', 'admin', '54', '127.0.0.1', '2017-11-27 15:21:11.015'), ('653', '1', 'admin', '用户登录', 'com.warrior.base.controller.LoginController.doLogin()', 'admin', '13', '127.0.0.1', '2017-11-27 15:21:29.152'), ('654', '1', 'admin', '用户登录', 'com.warrior.base.controller.LoginController.doLogin()', 'admin', '44', '127.0.0.1', '2017-11-27 15:25:14.8'), ('655', '1', 'admin', '用户登录', 'com.warrior.base.controller.LoginController.doLogin()', 'admin', '27', '127.0.0.1', '2017-11-27 15:25:40.096'), ('656', '1', 'admin', '用户登录', 'com.warrior.base.controller.LoginController.doLogin()', 'admin', '17', '127.0.0.1', '2017-11-27 15:27:12.272'), ('657', '-1', null, '用户登出', 'com.warrior.base.controller.LoginController.logOut()', null, '44', '127.0.0.1', '2017-11-27 15:33:33.458'), ('658', '1', 'admin', '用户登录', 'com.warrior.base.controller.LoginController.doLogin()', 'admin', '42', '127.0.0.1', '2017-11-27 15:33:46.58'), ('659', '1', 'admin', '用户登录', 'com.warrior.base.controller.LoginController.doLogin()', 'admin', '46', '127.0.0.1', '2017-11-27 15:37:06.953'), ('660', '-1', null, '用户登出', 'com.warrior.base.controller.LoginController.logOut()', null, '81', '127.0.0.1', '2017-11-27 15:39:18.492'), ('661', '1', 'admin', '用户登录', 'com.warrior.base.controller.LoginController.doLogin()', 'admin', '18', '127.0.0.1', '2017-11-27 15:39:26.446'), ('662', '1', 'admin', '用户登录', 'com.warrior.base.controller.LoginController.doLogin()', 'admin', '15', '127.0.0.1', '2017-11-27 15:41:43.991'), ('663', '1', 'admin', '用户登录', 'com.warrior.base.controller.LoginController.doLogin()', 'admin', '16', '127.0.0.1', '2017-11-27 15:43:38.324'), ('664', '1', 'admin', '用户登录', 'com.warrior.base.controller.LoginController.doLogin()', 'admin', '52', '127.0.0.1', '2017-11-27 15:46:55.742'), ('665', '1', 'admin', '用户登录', 'com.warrior.base.controller.LoginController.doLogin()', 'admin', '112', '127.0.0.1', '2017-11-27 15:48:17.187'), ('666', '1', 'admin', '用户登录', 'com.warrior.base.controller.LoginController.doLogin()', 'admin', '31', '127.0.0.1', '2017-11-27 15:49:48.682'), ('667', '1', 'admin', '用户登录', 'com.warrior.base.controller.LoginController.doLogin()', 'admin', '130', '127.0.0.1', '2017-11-27 15:50:17.009'), ('668', '1', 'admin', '用户登录', 'com.warrior.base.controller.LoginController.doLogin()', 'admin', '50', '127.0.0.1', '2017-11-27 15:52:21.187'), ('669', '1', 'admin', '用户登录', 'com.warrior.base.controller.LoginController.doLogin()', 'admin', '20', '127.0.0.1', '2017-11-27 15:52:45.264'), ('670', '1', 'admin', '用户登录', 'com.warrior.base.controller.LoginController.doLogin()', 'admin', '22', '127.0.0.1', '2017-11-27 15:55:10.397'), ('671', '1', 'admin', '用户登录', 'com.warrior.base.controller.LoginController.doLogin()', 'admin', '12', '127.0.0.1', '2017-11-27 15:55:53.404'), ('672', '-1', null, '用户登出', 'com.warrior.base.controller.LoginController.logOut()', null, '25', '127.0.0.1', '2017-11-27 16:00:52.906'), ('673', '1', 'admin', '用户登录', 'com.warrior.base.controller.LoginController.doLogin()', 'admin', '57', '127.0.0.1', '2017-11-27 16:01:15.12'), ('674', '1', 'admin', '用户登录', 'com.warrior.base.controller.LoginController.doLogin()', 'admin', '66', '127.0.0.1', '2017-11-27 16:01:25.157'), ('675', '1', 'admin', '用户登录', 'com.warrior.base.controller.LoginController.doLogin()', 'admin', '28', '127.0.0.1', '2017-11-27 16:01:36.365'), ('676', '-1', null, '用户登出', 'com.warrior.base.controller.LoginController.logOut()', null, '41', '127.0.0.1', '2017-11-27 16:06:05.574'), ('677', '1', 'admin', '用户登录', 'com.warrior.base.controller.LoginController.doLogin()', 'admin', '63', '127.0.0.1', '2017-11-27 16:09:10.885'), ('678', '1', 'admin', '用户登录', 'com.warrior.base.controller.LoginController.doLogin()', 'admin ', '53', '127.0.0.1', '2017-11-28 17:28:54.412'), ('679', '1', 'admin', '用户登录', 'com.warrior.base.controller.LoginController.doLogin()', 'admin', '58', '127.0.0.1', '2017-11-28 17:34:14.729'), ('680', '1', 'admin', '用户登录', 'com.warrior.base.controller.LoginController.doLogin()', 'admin', '33', '127.0.0.1', '2017-11-28 17:46:14.084'), ('681', '1', 'admin', '用户登录', 'com.warrior.base.controller.LoginController.doLogin()', 'admin', '48', '127.0.0.1', '2017-11-28 17:47:51.044');
COMMIT;

-- ----------------------------
--  Table structure for `sys_notes`
-- ----------------------------
DROP TABLE IF EXISTS `sys_notes`;
CREATE TABLE `sys_notes` (
  `id` int(11) NOT NULL AUTO_INCREMENT,
  `user_id` int(11) DEFAULT NULL COMMENT '用户编号',
  `note` varchar(225) DEFAULT NULL COMMENT '内容',
  `status` int(11) DEFAULT NULL COMMENT '状态\n1、未完成\n2、已完成',
  `create_time` datetime DEFAULT NULL COMMENT '创建时间',
  `over_time` datetime DEFAULT NULL COMMENT '完成时间',
  PRIMARY KEY (`id`),
  UNIQUE KEY `sys_notes_id_uindex` (`id`)
) ENGINE=InnoDB AUTO_INCREMENT=14 DEFAULT CHARSET=utf8 COMMENT='待办事项信息';

-- ----------------------------
--  Records of `sys_notes`
-- ----------------------------
BEGIN;
INSERT INTO `sys_notes` VALUES ('3', '1', '测试二', '2', '2017-11-24 17:11:38', '2017-11-24 17:52:40'), ('13', '1', '测试一', '1', '2017-11-25 09:32:11', '2017-11-25 09:43:48');
COMMIT;

-- ----------------------------
--  Table structure for `sys_permissions`
-- ----------------------------
DROP TABLE IF EXISTS `sys_permissions`;
CREATE TABLE `sys_permissions` (
  `id` int(11) NOT NULL AUTO_INCREMENT COMMENT 'ID',
  `own_id` int(11) NOT NULL COMMENT '拥有者 ID',
  `res_id` int(11) NOT NULL COMMENT '资源 ID',
  `type` int(11) DEFAULT NULL COMMENT '拥有者类型\n0、角色\n1、用户',
  PRIMARY KEY (`id`),
  UNIQUE KEY `id_UNIQUE` (`id`)
) ENGINE=InnoDB AUTO_INCREMENT=510 DEFAULT CHARSET=utf8;

-- ----------------------------
--  Records of `sys_permissions`
-- ----------------------------
BEGIN;
INSERT INTO `sys_permissions` VALUES ('277', '3', '1', '1'), ('278', '3', '5', '1'), ('313', '2', '1', '0'), ('314', '2', '5', '0'), ('315', '2', '6', '0'), ('316', '2', '7', '0'), ('317', '2', '8', '0'), ('318', '2', '9', '0'), ('319', '2', '3', '0'), ('320', '2', '15', '0'), ('476', '1', '1', '0'), ('477', '1', '27', '0'), ('478', '1', '5', '0'), ('479', '1', '6', '0'), ('480', '1', '7', '0'), ('481', '1', '8', '0'), ('482', '1', '9', '0'), ('483', '1', '44', '0'), ('484', '1', '45', '0'), ('485', '1', '46', '0'), ('486', '1', '47', '0'), ('487', '1', '3', '0'), ('488', '1', '10', '0'), ('489', '1', '11', '0'), ('490', '1', '12', '0'), ('491', '1', '13', '0'), ('492', '1', '14', '0'), ('493', '1', '15', '0'), ('494', '1', '16', '0'), ('495', '1', '28', '0'), ('496', '1', '24', '0'), ('497', '1', '2', '0'), ('498', '1', '29', '0'), ('499', '1', '17', '0'), ('500', '1', '18', '0'), ('501', '1', '19', '0'), ('502', '1', '4', '0'), ('503', '1', '30', '0'), ('504', '1', '20', '0'), ('505', '1', '21', '0'), ('506', '1', '22', '0'), ('507', '1', '25', '0'), ('508', '1', '26', '0'), ('509', '1', '31', '0');
COMMIT;

-- ----------------------------
--  Table structure for `sys_resources`
-- ----------------------------
DROP TABLE IF EXISTS `sys_resources`;
CREATE TABLE `sys_resources` (
  `res_id` int(11) NOT NULL AUTO_INCREMENT COMMENT 'id',
  `res_name` varchar(120) DEFAULT NULL COMMENT '资源名称',
  `parent_id` int(11) DEFAULT NULL COMMENT '父级资源ID',
  `url` varchar(200) DEFAULT NULL COMMENT '功能地址',
  `sort` int(11) DEFAULT NULL COMMENT '排序',
  `is_show` int(11) DEFAULT NULL COMMENT '是否显示\n0、显示\n1、不显示',
  `remark` varchar(200) DEFAULT NULL COMMENT '功能描述',
  `status` int(11) DEFAULT NULL COMMENT '状态\n0、正常\n1、禁用\n2、删除',
  `create_time` timestamp NULL DEFAULT NULL COMMENT '创建时间',
  `update_time` timestamp NULL DEFAULT NULL COMMENT '修改时间',
  `permission` varchar(45) DEFAULT NULL,
  `icon` varchar(20) DEFAULT NULL,
  `type` int(11) DEFAULT '0' COMMENT '0、菜单\n1、按钮\n2、数据',
  PRIMARY KEY (`res_id`),
  UNIQUE KEY `resId_UNIQUE` (`res_id`)
) ENGINE=InnoDB AUTO_INCREMENT=136 DEFAULT CHARSET=utf8;

-- ----------------------------
--  Records of `sys_resources`
-- ----------------------------
BEGIN;
INSERT INTO `sys_resources` VALUES ('1', '用户管理', '0', '/user/list', '1', '0', '', '0', '2017-07-31 10:08:01', '2017-11-07 15:20:59', '', 'person', '0'), ('2', '资源管理', '24', '/resource/list', '1', '0', '', '0', '2017-07-31 10:08:01', '2017-11-07 15:25:07', '', 'ios-folder', '0'), ('3', '角色管理', '0', '/role/list', '2', '0', '', '0', '2017-07-31 10:08:01', '2017-11-07 15:24:02', '', 'person', '0'), ('4', '字典管理', '24', '/dict/list', '2', '0', '', '0', '2017-07-31 10:08:01', '2017-11-07 15:25:32', '', 'briefcase', '0'), ('5', '新增', '1', '', '2', '1', '', '0', '2017-07-31 10:08:01', '2017-07-31 10:08:01', 'admin:user:add', '', '1'), ('6', '修改', '1', '', '3', '1', '', '0', '2017-07-31 10:08:01', '2017-07-31 10:08:01', 'admin:user:update', '', '1'), ('7', '删除', '1', '', '4', '1', '', '0', '2017-07-31 10:08:01', '2017-07-31 10:08:01', 'admin:user:del', '', '1'), ('8', '用户权限查询', '1', '', '4', '1', '', '0', '2017-07-31 10:08:01', '2017-07-31 10:08:01', 'admin:userperm:view', '', '1'), ('9', '用户权限修改', '1', '', '4', '1', '', '0', '2017-07-31 10:08:01', '2017-07-31 10:08:01', 'admin:userperm:update', '', '1'), ('10', '新增', '3', '', '1', '1', '', '0', '2017-07-31 10:08:01', '2017-07-31 10:08:01', 'admin:role:add', '', '1'), ('11', '删除', '3', '', '1', '1', '', '0', '2017-07-31 10:08:01', '2017-07-31 10:08:01', 'admin:role:del', '', '1'), ('12', '修改', '3', '', '1', '1', '', '0', '2017-07-31 10:08:01', '2017-07-31 10:08:01', 'admin:role:update', '', '1'), ('13', '用户角色查询', '3', '', '1', '1', '', '0', '2017-07-31 10:08:01', '2017-07-31 10:08:01', 'admin:userrole:view', '', '1'), ('14', '用户角色修改', '3', '', '1', '1', '', '0', '2017-07-31 10:08:01', '2017-07-31 10:08:01', 'admin:userrole:update', '', '1'), ('15', '角色权限查询', '3', '', '1', '1', '', '0', '2017-07-31 10:08:01', '2017-07-31 10:08:01', 'admin:roleperm:view', '', '1'), ('16', '角色权限修改', '3', '', '1', '1', '', '0', '2017-07-31 10:08:01', '2017-07-31 10:08:01', 'admin:roleperm:update', '', '1'), ('17', '新增', '2', '', '2', '1', '', '0', '2017-07-31 10:08:01', '2017-07-31 10:08:01', 'admin:resource:add', '', '1'), ('18', '修改', '2', '', '3', '1', '', '0', '2017-07-31 10:08:01', '2017-07-31 10:08:01', 'admin:resource:update', '', '1'), ('19', '删除', '2', '', '4', '1', '', '0', '2017-07-31 10:08:01', '2017-07-31 10:08:01', 'admin:resource:del', '', '1'), ('20', '新增', '4', '', '2', '1', '', '0', '2017-07-31 10:08:01', '2017-07-31 10:08:01', 'admin:dict:add', '', '1'), ('21', '修改', '4', '', '3', '1', '', '0', '2017-07-31 10:08:01', '2017-07-31 10:08:01', 'admin:dict:update', '', '1'), ('22', '删除', '4', '', '4', '1', '', '0', '2017-07-31 10:08:01', '2017-07-31 10:08:01', 'admin:dict:del', '', '1'), ('24', '系统管理', '0', '', '4', '0', '', '0', '2017-09-28 11:27:14', '2017-09-28 11:27:39', '', 'ios-folder', '0'), ('25', '系统日志', '24', '/log/list', '3', '0', '', '0', '2017-09-28 14:35:37', '2017-11-07 15:25:53', '', 'ios-list-outline', '0'), ('26', '删除', '25', '', '1', '0', '', '0', '2017-09-28 16:10:43', '2017-09-28 16:11:20', 'admin:log:del', '', '1'), ('27', '用户查询', '1', '', '1', '1', '', '0', '2017-11-07 15:21:53', '2017-11-07 15:22:09', 'admin:user:view', '', '1'), ('28', '角色查询', '3', '', '1', '1', '', '0', '2017-11-07 15:24:23', '2017-11-07 15:24:23', 'admin:role:view', '', '1'), ('29', '资源查询', '2', '', '1', '1', '', '0', '2017-11-07 15:25:25', '2017-11-07 15:25:25', 'admin:resource:view', '', '1'), ('30', '字典查询', '4', '', '1', '1', '', '0', '2017-11-07 15:25:47', '2017-11-07 15:25:47', 'admin:dict:view', '', '0'), ('31', '日志查询', '25', '', '1', '1', '', '0', '2017-11-07 15:26:15', '2017-11-07 15:26:15', 'admin:log:view', '', '1'), ('132', '测试信息', '0', '/test/list', '1', '0', '', '0', '2017-11-17 19:10:24', '2017-11-17 19:10:24', 'admin:test:view', 'briefcase', '0'), ('133', '添加', '132', '', '0', '0', '', '0', '2017-11-17 19:10:24', '2017-11-17 19:10:24', 'admin:test:add', '', '1'), ('134', '修改', '132', '', '0', '0', '', '0', '2017-11-17 19:10:24', '2017-11-17 19:10:24', 'admin:test:update', '', '1'), ('135', '删除', '132', '', '0', '0', '', '0', '2017-11-17 19:10:24', '2017-11-17 19:10:24', 'admin:test:del', '', '1');
COMMIT;

-- ----------------------------
--  Table structure for `sys_role`
-- ----------------------------
DROP TABLE IF EXISTS `sys_role`;
CREATE TABLE `sys_role` (
  `rid` int(11) NOT NULL AUTO_INCREMENT COMMENT '角色ID',
  `role_name` varchar(120) NOT NULL COMMENT '角色名称',
  `remark` varchar(200) DEFAULT NULL COMMENT '描述信息',
  `status` int(11) DEFAULT NULL COMMENT '状态\n0、正常\n1、禁用\n2、删除',
  `create_time` timestamp NULL DEFAULT NULL COMMENT '创建时间',
  `update_time` timestamp NULL DEFAULT NULL COMMENT '修改时间',
  PRIMARY KEY (`rid`),
  UNIQUE KEY `rid_UNIQUE` (`rid`)
) ENGINE=InnoDB AUTO_INCREMENT=3 DEFAULT CHARSET=utf8;

-- ----------------------------
--  Records of `sys_role`
-- ----------------------------
BEGIN;
INSERT INTO `sys_role` VALUES ('1', '超级管理员', 'admin1', '0', '2017-07-31 10:06:27', '2017-10-27 11:57:08'), ('2', '普通用户', '', '0', '2017-11-07 15:00:33', '2017-11-07 15:00:33');
COMMIT;

-- ----------------------------
--  Table structure for `sys_task`
-- ----------------------------
DROP TABLE IF EXISTS `sys_task`;
CREATE TABLE `sys_task` (
  `id` int(11) NOT NULL AUTO_INCREMENT COMMENT '编号',
  `task_name` varchar(50) DEFAULT NULL COMMENT '任务名称',
  `task_group` varchar(50) DEFAULT NULL COMMENT '任务分组',
  `cron` varchar(50) DEFAULT NULL COMMENT '任务执行时间表达式',
  `remark` varchar(150) DEFAULT NULL COMMENT '任务描述',
  `class_name` varchar(150) DEFAULT NULL COMMENT '任务执行目标',
  `script_name` varchar(150) DEFAULT NULL COMMENT '任务脚本\n1、classpath:开头 脚本在类路径下\n2、脚本绝对路径',
  `status` int(11) DEFAULT NULL COMMENT '任务状态\n0、正常\n1、暂停',
  `create_time` datetime DEFAULT NULL COMMENT '创建时间',
  `update_time` datetime DEFAULT NULL COMMENT '更新时间',
  PRIMARY KEY (`id`),
  UNIQUE KEY `sys_task_id_uindex` (`id`)
) ENGINE=InnoDB AUTO_INCREMENT=2 DEFAULT CHARSET=utf8 COMMENT='定时作业';

-- ----------------------------
--  Table structure for `sys_test`
-- ----------------------------
DROP TABLE IF EXISTS `sys_test`;
CREATE TABLE `sys_test` (
  `id` int(11) NOT NULL AUTO_INCREMENT COMMENT 'ID',
  `name` varchar(120) DEFAULT NULL COMMENT '用户名\n',
  `age` int(11) DEFAULT NULL COMMENT '年龄',
  `create_time` datetime DEFAULT CURRENT_TIMESTAMP COMMENT '创建时间',
  PRIMARY KEY (`id`)
) ENGINE=InnoDB AUTO_INCREMENT=4 DEFAULT CHARSET=utf8;

-- ----------------------------
--  Records of `sys_test`
-- ----------------------------
BEGIN;
INSERT INTO `sys_test` VALUES ('2', 'Test1', '23', '2017-08-12 19:22:26'), ('3', 'Test3', '21', '2017-08-12 19:22:35');
COMMIT;

-- ----------------------------
--  Table structure for `sys_user`
-- ----------------------------
DROP TABLE IF EXISTS `sys_user`;
CREATE TABLE `sys_user` (
  `uid` int(11) NOT NULL AUTO_INCREMENT,
  `user_name` varchar(20) NOT NULL COMMENT '用户名',
  `pass_word` varchar(200) NOT NULL COMMENT '用户密码',
  `gender` varchar(2) DEFAULT NULL COMMENT '性别\n男 女',
  `age` int(11) DEFAULT NULL COMMENT '年龄',
  `img` varchar(200) DEFAULT NULL COMMENT '头像',
  `user_type` int(11) DEFAULT NULL COMMENT '用户类别\n0、普通用户\n1、后台用户',
  `status` int(11) DEFAULT NULL COMMENT '状态\n0、正常\n1、禁用\n2、删除',
  `create_time` timestamp NOT NULL DEFAULT CURRENT_TIMESTAMP ON UPDATE CURRENT_TIMESTAMP COMMENT '创建时间',
  `update_time` timestamp NULL DEFAULT NULL COMMENT '修改时间',
  `salt` varchar(45) DEFAULT NULL,
  `token` varchar(100) DEFAULT NULL,
  PRIMARY KEY (`uid`),
  UNIQUE KEY `id_UNIQUE` (`uid`)
) ENGINE=InnoDB AUTO_INCREMENT=4 DEFAULT CHARSET=utf8 COMMENT='用户信息';

-- ----------------------------
--  Records of `sys_user`
-- ----------------------------
BEGIN;
INSERT INTO `sys_user` VALUES ('1', 'admin', '24580d1a6c4be1c9da88f3c7b4408e7d', '男', '16', 'd3bfd3a261bc45cfb6b5dea3f02b1a98', '0', '0', '2017-11-18 16:16:29', '2017-11-17 16:43:31', '8147da4deb2a04dc4ec124f3af7b82fd', '6f667b48d75f4f55a21b220ef9d9647a');
COMMIT;

-- ----------------------------
--  Table structure for `sys_user_role`
-- ----------------------------
DROP TABLE IF EXISTS `sys_user_role`;
CREATE TABLE `sys_user_role` (
  `id` int(11) NOT NULL AUTO_INCREMENT,
  `user_id` int(11) NOT NULL COMMENT '用户编号',
  `role_id` int(11) NOT NULL COMMENT '角色ID',
  PRIMARY KEY (`id`),
  UNIQUE KEY `id_UNIQUE` (`id`)
) ENGINE=InnoDB AUTO_INCREMENT=5 DEFAULT CHARSET=utf8;

-- ----------------------------
--  Records of `sys_user_role`
-- ----------------------------
BEGIN;
INSERT INTO `sys_user_role` VALUES ('3', '1', '1'), ('4', '3', '2');
COMMIT;

SET FOREIGN_KEY_CHECKS = 1;
